CASEID,PSU,CASENO,CASENUMBER,CATEGORY,VEHNO,SEQUENCE,PREEVENT,CASEWGT,PSUSTRAT,VERSION
6117,17,2,1-17-2017-002-09,9,1,1,2,1415.1062926472,4,2
6111,19,4,1-19-2017-004-05,5,1,1,2,84.4524216922148,9,2
6112,19,5,1-19-2017-005-03,3,1,1,2,639.392649632869,9,2
6200,22,5,1-22-2017-005-04,4,1,1,2,220.136301508367,12,2
6192,26,2,1-26-2017-002-09,9,1,1,2,3498.03165471544,10,2
6184,17,6,1-17-2017-006-04,4,1,1,2,214.939687324865,4,2
6256,22,9,1-22-2017-009-09,9,1,1,2,302.835159341122,12,2
6124,31,1,1-31-2017-001-10,10,1,1,2,1073.84216837139,6,2
6257,22,10,1-22-2017-010-06,6,1,1,2,94.797052813258,12,2
6322,22,12,1-22-2017-012-07,7,1,1,2,166.543174350512,12,2
6312,19,18,1-19-2017-018-03,3,1,1,2,252.846410865255,9,2
6238,12,3,1-12-2017-003-04,4,2,1,2,2969.00932898461,9,2
6308,29,3,1-29-2017-003-10,10,1,1,2,20830.7351125155,2,2
6362,19,19,1-19-2017-019-06,6,1,1,2,417.704209858924,9,2
6274,30,7,1-30-2017-007-03,3,1,1,2,195.270340617582,10,2
6274,30,7,1-30-2017-007-03,3,1,2,2,195.270340617582,10,2
6274,30,7,1-30-2017-007-03,3,1,3,2,195.270340617582,10,2
6274,30,7,1-30-2017-007-03,3,1,4,2,195.270340617582,10,2
6260,33,4,1-33-2017-004-09,9,1,1,2,275.58801350289,12,2
6165,23,4,1-23-2017-004-06,6,1,1,2,561.326705636604,5,2
6390,24,14,1-24-2017-014-01,1,2,1,2,176.182961823483,1,2
6382,28,7,1-28-2017-007-03,3,1,3,2,302.814064043019,3,2
6219,30,6,1-30-2017-006-04,4,1,1,2,759.796183896963,10,2
6151,25,3,1-25-2017-003-06,6,1,1,2,438.207071902862,2,2
6493,13,16,1-13-2017-016-04,4,1,1,2,2740.02107410605,7,2
6510,33,16,1-33-2017-016-05,5,1,1,2,68.0497986758237,12,2
6323,33,7,1-33-2017-007-09,9,1,1,2,766.822710622516,12,2
6383,14,8,1-14-2017-008-08,8,1,3,2,1502.31800595479,8,2
6544,22,22,1-22-2017-022-08,8,1,1,2,135.032270274358,12,2
6538,29,9,1-29-2017-009-09,9,1,1,2,2720.74723027127,2,2
6386,16,13,1-16-2017-013-09,9,1,1,2,1126.03630615239,5,2
6525,24,21,1-24-2017-021-03,3,1,1,2,494.857893190686,1,2
6576,32,21,1-32-2017-021-10,10,1,1,2,20830.7351125155,7,2
6473,24,19,1-24-2017-019-02,2,1,1,2,89.5901504128533,1,2
6253,13,8,1-13-2017-008-01,1,1,1,2,188.955712734655,7,2
6253,13,8,1-13-2017-008-01,1,1,2,2,188.955712734655,7,2
6596,22,25,1-22-2017-025-03,3,1,1,2,166.374615766795,12,2
6462,14,10,1-14-2017-010-07,7,1,1,2,2445.71364449741,8,2
6592,18,12,1-18-2017-012-04,4,1,1,2,2398.10824569296,6,2
6599,31,10,1-31-2017-010-08,8,1,1,2,533.585408156618,6,2
6631,16,25,1-16-2017-025-02,2,1,1,2,47.7728281997967,5,2
6567,28,12,1-28-2017-012-10,10,1,1,2,2590.76862324372,3,2
6444,13,14,1-13-2017-014-02,2,2,1,2,138.181072664633,7,2
6444,13,14,1-13-2017-014-02,2,2,2,2,138.181072664633,7,2
6444,13,14,1-13-2017-014-02,2,2,3,2,138.181072664633,7,2
6444,13,14,1-13-2017-014-02,2,2,4,2,138.181072664633,7,2
6677,22,29,1-22-2017-029-04,4,1,1,2,228.219701563568,12,2
6543,18,11,1-18-2017-011-06,6,1,1,2,726.609016579401,6,2
6709,32,28,1-32-2017-028-05,5,1,1,2,257.945260582092,7,2
6618,14,15,1-14-2017-015-03,3,1,1,2,1955.82995505533,8,2
6691,18,15,1-18-2017-015-09,9,1,1,2,958.545340626328,6,2
6674,19,35,1-19-2017-035-06,6,1,1,2,575.359126718658,9,2
6743,32,29,1-32-2017-029-09,9,1,1,2,11898.5904414158,7,2
6754,18,17,1-18-2017-017-09,9,1,1,2,2543.89401154685,6,2
6639,18,13,1-18-2017-013-06,6,1,1,2,385.190322042092,6,2
6666,11,13,1-11-2017-013-05,5,1,1,2,533.608977976811,8,2
6345,23,9,1-23-2017-009-03,3,1,1,2,187.820886282507,5,2
6130,23,3,1-23-2017-003-06,6,1,1,2,474.463369126954,5,2
6799,31,15,1-31-2017-015-03,3,2,1,2,749.398250761231,6,2
6804,26,21,1-26-2017-021-03,3,1,1,2,1072.7157378518,10,2
6776,24,33,1-24-2017-033-09,9,1,1,2,3538.97814112905,1,2
6679,21,13,1-21-2017-013-08,8,1,1,2,871.906857628612,11,2
6399,11,1,1-11-2017-001-06,6,1,1,2,1680.59640563005,8,2
6399,11,1,1-11-2017-001-06,6,1,2,2,1680.59640563005,8,2
6824,29,16,1-29-2017-016-03,3,1,1,2,1318.37167531291,2,2
6667,11,14,1-11-2017-014-05,5,1,1,2,533.608977976811,8,2
6811,28,18,1-28-2017-018-06,6,1,1,2,185.209716714862,3,2
6684,15,15,1-15-2017-015-06,6,1,1,2,1196.75176319565,1,2
6719,18,16,1-18-2017-016-03,3,1,1,2,208.07525317884,6,2
6643,33,23,1-33-2017-023-06,6,1,1,2,151.55835338118,12,2
6548,20,19,1-20-2017-019-10,10,1,1,2,3008.70123621791,11,2
6222,14,4,1-14-2017-004-10,10,1,1,2,5496.44877828333,8,2
6730,21,14,1-21-2017-014-04,4,2,1,2,2221.76994369018,11,2
6855,28,19,1-28-2017-019-06,6,1,3,2,154.889477796316,3,2
6867,19,45,1-19-2017-045-02,2,1,1,2,178.303649458387,9,2
6875,22,41,1-22-2017-041-08,8,1,1,2,113.695698457785,12,2
6830,18,19,1-18-2017-019-08,8,1,1,2,703.273619459784,6,2
6796,18,18,1-18-2017-018-03,3,1,1,2,329.590173474336,6,2
6682,13,24,1-13-2017-024-03,3,1,1,2,1287.6958482298,7,2
6749,17,21,1-17-2017-021-07,7,1,1,2,1152.79836779502,4,2
6451,33,14,1-33-2017-014-03,3,1,1,2,138.480705828584,12,2
6893,28,20,1-28-2017-020-03,3,1,1,2,444.763935195519,3,2
6206,20,3,1-20-2017-003-02,2,1,1,2,39.0673380453663,11,2
6372,20,12,1-20-2017-012-07,7,1,1,2,670.91945689348,11,2
6645,13,22,1-13-2017-022-06,6,1,1,2,2455.12215097887,7,2
6645,13,22,1-13-2017-022-06,6,1,2,2,2455.12215097887,7,2
6356,22,14,1-22-2017-014-01,1,1,1,2,91.2520349196253,12,2
6720,33,27,1-33-2017-027-07,7,2,3,2,759.165826374916,12,2
6725,15,16,1-15-2017-016-05,5,2,1,2,165.942224003426,1,2
6729,20,29,1-20-2017-029-09,9,1,1,2,726.269869888516,11,2
6885,26,23,1-26-2017-023-03,3,1,1,2,1592.59780310843,10,2
6716,16,29,1-16-2017-029-04,4,1,1,2,2622.78984691832,5,2
6960,22,46,1-22-2017-046-01,1,1,1,2,96.8900178613484,12,2
6799,31,15,1-31-2017-015-03,3,1,1,2,749.398250761231,6,2
6971,20,46,1-20-2017-046-02,2,1,1,2,39.0673380453663,11,2
6948,12,21,1-12-2017-021-03,3,1,1,2,1881.9311135103,9,2
6550,15,11,1-15-2017-011-02,2,1,1,2,59.527837384159,1,2
6526,24,22,1-24-2017-022-06,6,1,1,2,959.779082034474,1,2
6505,31,7,1-31-2017-007-04,4,2,1,2,2792.73572987369,6,2
6992,22,48,1-22-2017-048-03,3,1,1,2,298.497607046477,12,2
6946,19,50,1-19-2017-050-03,3,1,1,2,292.080491700682,9,2
6218,30,5,1-30-2017-005-07,7,1,1,2,889.340757753611,10,2
6346,23,10,1-23-2017-010-07,7,1,3,2,713.344145964472,5,2
6836,33,34,1-33-2017-034-08,8,1,1,2,217.884133565871,12,2
6908,16,35,1-16-2017-035-04,4,1,1,2,14605.2788264847,5,2
6951,16,37,1-16-2017-037-06,6,1,1,2,986.065239615079,5,2
6228,10,3,1-10-2017-003-09,9,2,1,2,1098.36140168446,4,2
7071,22,52,1-22-2017-052-01,1,1,3,2,96.8900178613484,12,2
7053,32,48,1-32-2017-048-03,3,1,1,2,841.136761414762,7,2
6622,23,24,1-23-2017-024-04,4,1,1,2,617.189198090269,5,2
7047,23,46,1-23-2017-046-04,4,2,1,2,495.769320104764,5,2
7078,20,52,1-20-2017-052-08,8,2,1,2,323.364961649197,11,2
6936,14,23,1-14-2017-023-02,2,1,3,2,310.247293447891,8,2
6245,17,8,1-17-2017-008-03,3,1,1,2,134.288191587689,4,2
6956,18,23,1-18-2017-023-10,10,1,1,2,20830.7351125155,6,2
6920,22,44,1-22-2017-044-08,8,1,1,2,83.0427441010983,12,2
7112,26,29,1-26-2017-029-06,6,1,1,2,1237.10755324379,10,2
6814,23,33,1-23-2017-033-10,10,1,1,2,4628.54463438301,5,2
7058,19,57,1-19-2017-057-10,10,1,1,2,9189.86912192756,9,2
6813,23,32,1-23-2017-032-03,3,2,1,2,277.455039344838,5,2
7165,16,44,1-16-2017-044-04,4,1,1,2,406.544153844197,5,2
7018,17,29,1-17-2017-029-03,3,1,1,2,556.304886021187,4,2
7220,22,62,1-22-2017-062-01,1,1,3,2,91.2520349196253,12,2
6706,11,16,1-11-2017-016-05,5,1,1,2,459.56320010308,8,2
7165,16,44,1-16-2017-044-04,4,2,1,2,406.544153844197,5,2
7082,33,46,1-33-2017-046-03,3,1,1,2,62.9930657774199,12,2
7055,14,25,1-14-2017-025-10,10,1,1,2,20830.7351125155,8,2
7167,31,25,1-31-2017-025-03,3,1,1,2,471.724144285409,6,2
7147,28,28,1-28-2017-028-04,4,1,1,2,451.089122562898,3,2
7221,22,63,1-22-2017-063-08,8,1,1,2,78.2105272741197,12,2
6846,26,22,1-26-2017-022-03,3,1,1,2,2176.53884370464,10,2
7162,19,61,1-19-2017-061-05,5,1,1,2,82.4453252502058,9,2
6702,24,29,1-24-2017-029-01,1,1,1,2,102.186288431084,1,2
7179,22,60,1-22-2017-060-09,9,1,1,2,707.286318683172,12,2
7079,20,53,1-20-2017-053-07,7,1,1,2,1659.45466607248,11,2
6620,11,12,1-11-2017-012-08,8,1,1,2,613.015996269852,8,2
6304,16,10,1-16-2017-010-02,2,1,1,2,61.0428434944616,5,2
6304,16,10,1-16-2017-010-02,2,1,2,2,61.0428434944616,5,2
7247,28,32,1-28-2017-032-01,1,1,1,2,116.185516823547,3,2
7161,14,28,1-14-2017-028-02,2,1,1,2,299.171074248821,8,2
7345,10,31,1-10-2017-031-04,4,1,1,2,1650.22234645847,4,2
7287,28,33,1-28-2017-033-06,6,1,1,2,79.4139291844408,3,2
6568,29,10,1-29-2017-010-04,4,1,1,2,1735.62976673693,2,2
7343,28,35,1-28-2017-035-09,9,1,1,2,115.287608460826,3,2
7223,18,30,1-18-2017-030-08,8,1,1,2,363.809011306322,6,2
7271,21,27,1-21-2017-027-03,3,1,1,2,327.88849704859,11,2
7366,13,57,1-13-2017-057-07,7,1,3,2,3594.9132750111,7,2
7236,15,32,1-15-2017-032-03,3,1,1,2,503.308139879898,1,2
7304,16,51,1-16-2017-051-06,6,1,3,2,3067.09838689603,5,2
7431,31,32,1-31-2017-032-06,6,1,1,2,561.1165598367,6,2
7199,23,54,1-23-2017-054-09,9,1,1,2,1278.7796781533,5,2
7201,23,56,1-23-2017-056-03,3,2,1,2,212.046369957581,5,2
7278,33,57,1-33-2017-057-07,7,1,1,2,725.147754384361,12,2
7414,10,32,1-10-2017-032-05,5,1,1,2,62.6322504992632,4,2
7211,12,29,1-12-2017-029-09,9,1,1,2,3832.45356653444,9,2
7135,33,48,1-33-2017-048-06,6,1,1,2,202.722371698373,12,2
7135,33,48,1-33-2017-048-06,6,1,7,2,202.722371698373,12,2
7263,19,69,1-19-2017-069-10,10,1,1,2,13104.5293427276,9,2
7361,18,33,1-18-2017-033-04,4,1,1,2,706.858696425074,6,2
7364,19,75,1-19-2017-075-08,8,1,1,2,215.277774648986,9,2
7455,12,34,1-12-2017-034-04,4,1,1,2,3990.87077387485,9,2
7283,20,68,1-20-2017-068-09,9,1,1,2,1428.57730217801,11,2
7408,28,37,1-28-2017-037-07,7,1,1,2,1081.49343808104,3,2
7353,25,13,1-25-2017-013-02,2,2,1,2,59.2358087039559,2,2
7620,24,75,1-24-2017-075-03,3,1,1,2,219.954145362561,1,2
7557,20,85,1-20-2017-085-04,4,1,1,2,673.604448343268,11,2
7325,33,61,1-33-2017-061-09,9,1,3,2,75.3307217326577,12,2
7325,33,61,1-33-2017-061-09,9,1,4,2,75.3307217326577,12,2
7456,12,35,1-12-2017-035-04,4,1,1,2,3990.87077387485,9,2
7537,31,33,1-31-2017-033-09,9,1,1,2,1539.73058488066,6,2
7386,33,65,1-33-2017-065-09,9,1,1,2,231.348391888334,12,2
7675,33,73,1-33-2017-073-10,10,1,1,2,2616.2429621909,12,2
7748,11,40,1-11-2017-040-02,2,1,1,2,237.976109066999,8,2
7538,31,34,1-31-2017-034-04,4,1,1,2,2328.51790892268,6,2
7793,21,48,1-21-2017-048-03,3,1,1,2,201.697409885435,11,2
7702,28,42,1-28-2017-042-02,2,1,1,2,70.5260687712307,3,2
7319,21,28,1-21-2017-028-03,3,1,1,2,367.467193042291,11,2
7319,21,28,1-21-2017-028-03,3,1,2,2,367.467193042291,11,2
7319,21,28,1-21-2017-028-03,3,1,3,2,367.467193042291,11,2
7837,13,79,1-13-2017-079-03,3,1,1,2,667.660112050877,7,2
7605,18,38,1-18-2017-038-02,2,1,1,2,82.5675036810661,6,2
7584,14,39,1-14-2017-039-03,3,1,1,2,3229.32735824175,8,2
7609,21,41,1-21-2017-041-09,9,2,1,2,667.819130274741,11,2
6957,13,39,1-13-2017-039-02,2,1,1,2,140.15566461981,7,2
7440,21,33,1-21-2017-033-04,4,1,1,2,511.361628614864,11,2
7603,33,71,1-33-2017-071-10,10,1,3,2,339.788882491816,12,2
7588,19,84,1-19-2017-084-02,2,1,1,2,139.959423353599,9,2
7672,13,71,1-13-2017-071-03,3,1,1,2,957.099681574314,7,2
7895,21,53,1-21-2017-053-03,3,2,1,2,345.739300358192,11,2
7667,21,42,1-21-2017-042-07,7,1,1,2,722.11786068221,11,2
7667,21,42,1-21-2017-042-07,7,1,2,2,722.11786068221,11,2
7674,12,40,1-12-2017-040-05,5,2,1,2,628.832940754307,9,2
7955,13,86,1-13-2017-086-07,7,1,1,2,3590.29038735847,7,2
6990,13,41,1-13-2017-041-02,2,2,1,2,114.879706845688,7,2
7724,18,43,1-18-2017-043-06,6,2,1,2,580.561244807344,6,2
7700,24,82,1-24-2017-082-10,10,2,1,2,3542.08453945439,1,2
7973,22,100,1-22-2017-100-10,10,1,3,2,1279.90483931947,12,2
7595,25,20,1-25-2017-020-02,2,1,1,2,79.5916030273087,2,2
7832,12,45,1-12-2017-045-09,9,1,1,2,3838.87221500274,9,2
7953,19,100,1-19-2017-100-07,7,1,1,2,4322.99062713303,9,2
8012,30,77,1-30-2017-077-03,3,1,1,2,1794.30440355272,10,2
8012,30,77,1-30-2017-077-03,3,1,2,2,1794.30440355272,10,2
8012,30,77,1-30-2017-077-03,3,1,3,2,1794.30440355272,10,2
7677,33,75,1-33-2017-075-02,2,1,1,2,66.335309476095,12,2
7884,19,96,1-19-2017-096-02,2,1,1,2,193.462398169656,9,2
7997,19,101,1-19-2017-101-07,7,1,1,2,1291.67508035249,9,2
7998,19,102,1-19-2017-102-08,8,1,1,2,305.991351541211,9,2
7751,13,75,1-13-2017-075-04,4,1,1,2,2843.96092831067,7,2
7810,28,46,1-28-2017-046-01,1,1,1,2,128.059818917926,3,2
7880,28,47,1-28-2017-047-01,1,1,1,2,137.6970604631,3,2
7881,28,48,1-28-2017-048-01,1,1,1,2,137.6970604631,3,2
8061,32,111,1-32-2017-111-07,7,1,1,2,4020.98231058148,7,2
7545,20,84,1-20-2017-084-01,1,1,1,2,50.0259744183163,11,2
7240,16,48,1-16-2017-048-01,1,1,1,2,85.6880315101766,5,2
7240,16,48,1-16-2017-048-01,1,1,2,2,85.6880315101766,5,2
7732,33,76,1-33-2017-076-07,7,2,1,2,213.44363844088,12,2
8089,22,103,1-22-2017-103-07,7,1,1,2,789.847825993546,12,2
8123,22,104,1-22-2017-104-01,1,1,1,2,146.188830731975,12,2
7299,32,69,1-32-2017-069-03,3,1,1,2,678.982104361418,7,2
8110,31,42,1-31-2017-042-08,8,1,1,2,533.585408156618,6,2
7909,15,67,1-15-2017-067-02,2,1,1,2,24.2866475873863,1,2
8219,22,105,1-22-2017-105-02,2,1,1,2,54.2430997083732,12,2
6628,10,18,1-10-2017-018-04,4,3,1,2,602.831138879679,4,2
7843,33,81,1-33-2017-081-08,8,1,1,2,103.236549053167,12,2
8192,24,111,1-24-2017-111-04,4,2,1,2,1077.33907327286,1,2
8005,17,69,1-17-2017-069-08,8,1,3,2,338.596207178048,4,2
8096,28,53,1-28-2017-053-07,7,1,1,2,174.677102645236,3,2
8104,28,54,1-28-2017-054-09,9,1,1,2,572.425840032206,3,2
8105,28,55,1-28-2017-055-06,6,1,1,2,120.707039151254,3,2
8040,18,51,1-18-2017-051-07,7,2,1,2,542.400211667992,6,2
8266,22,107,1-22-2017-107-07,7,1,1,2,736.176108017261,12,2
7905,33,85,1-33-2017-085-03,3,1,1,2,91.2652190375962,12,2
7614,15,48,1-15-2017-048-10,10,1,1,2,4659.22080567018,1,2
7965,33,86,1-33-2017-086-07,7,1,1,2,433.721756672474,12,2
6448,22,18,1-22-2017-018-06,6,1,1,2,156.071189007572,12,2
8240,23,102,1-23-2017-102-01,1,1,1,2,90.8798878633592,5,2
8239,28,58,1-28-2017-058-06,6,1,1,2,391.086482346031,3,2
7779,21,49,1-21-2017-049-09,9,1,1,2,482.913130979312,11,2
8130,18,54,1-18-2017-054-01,1,2,1,2,379.983498835986,6,2
8064,19,106,1-19-2017-106-04,4,1,1,2,1303.55011135808,9,2
8184,28,56,1-28-2017-056-02,2,1,1,2,141.968613528909,3,2
7794,21,50,1-21-2017-050-03,3,1,1,2,108.939878475118,11,2
7694,20,92,1-20-2017-092-04,4,2,1,2,524.789833625348,11,2
8375,22,109,1-22-2017-109-05,5,1,1,2,87.190411196972,12,2
8251,19,113,1-19-2017-113-01,1,1,1,2,148.472388208338,9,2
8164,14,54,1-14-2017-054-10,10,1,1,2,8090.1002723741,8,2
8383,20,133,1-20-2017-133-06,6,1,1,2,660.661115910169,11,2
8114,26,59,1-26-2017-059-07,7,1,1,2,4036.12245847922,10,2
8121,17,73,1-17-2017-073-02,2,1,1,2,67.5827912635361,4,2
8354,28,59,1-28-2017-059-10,10,1,1,2,10040.0218377119,3,2
8425,22,110,1-22-2017-110-05,5,1,1,2,86.787006093204,12,2
8101,23,96,1-23-2017-096-03,3,1,1,2,139.476580971046,5,2
8458,13,109,1-13-2017-109-03,3,1,1,2,588.496849700361,7,2
6402,33,12,1-33-2017-012-04,4,1,3,2,266.916315329579,12,2
6402,33,12,1-33-2017-012-04,4,1,1,2,266.916315329579,12,2
8267,17,76,1-17-2017-076-08,8,1,3,2,421.793016497506,4,2
8232,20,125,1-20-2017-125-03,3,1,1,2,264.712701868467,11,2
8345,32,121,1-32-2017-121-09,9,2,1,2,13617.3982511258,7,2
8210,18,55,1-18-2017-055-07,7,1,1,2,1178.91146170421,6,2
8224,15,83,1-15-2017-083-03,3,1,1,2,451.34284302826,1,2
8373,21,62,1-21-2017-062-03,3,1,1,2,201.697409885435,11,2
8244,32,119,1-32-2017-119-02,2,1,1,2,180.921250646427,7,2
8430,21,64,1-21-2017-064-03,3,1,1,2,201.697409885435,11,2
8536,23,114,1-23-2017-114-04,4,2,1,2,568.592572799913,5,2
8567,19,125,1-19-2017-125-03,3,1,1,2,693.38320311199,9,2
8389,18,60,1-18-2017-060-03,3,2,1,2,219.843550605558,6,2
8441,33,113,1-33-2017-113-09,9,1,1,2,296.889945671954,12,2
8386,26,65,1-26-2017-065-07,7,1,1,2,1489.58076062803,10,2
7759,10,37,1-10-2017-037-05,5,1,1,2,41.5852434204435,4,2
8482,32,130,1-32-2017-130-02,2,1,1,2,122.372938852714,7,2
8621,29,31,1-29-2017-031-06,6,1,1,2,532.359992427368,2,2
8419,16,76,1-16-2017-076-04,4,1,1,2,1988.35356427731,5,2
8428,17,83,1-17-2017-083-06,6,1,1,2,350.703264607316,4,2
8524,24,125,1-24-2017-125-03,3,2,1,2,199.877249856568,1,2
8495,14,61,1-14-2017-061-05,5,1,1,2,425.667528533408,8,2
8004,17,68,1-17-2017-068-02,2,1,1,2,100.146694052494,4,2
8199,25,37,1-25-2017-037-03,3,1,1,2,200.659661556227,2,2
8502,32,133,1-32-2017-133-02,2,1,1,2,122.372938852714,7,2
7800,15,61,1-15-2017-061-05,5,1,1,2,22.9926307490385,1,2
8551,16,81,1-16-2017-081-03,3,1,1,2,526.78168572825,5,2
8597,23,118,1-23-2017-118-03,3,1,1,2,159.253575515806,5,2
7754,23,80,1-23-2017-080-03,3,1,3,2,106.538606276617,5,2
8647,16,85,1-16-2017-085-02,2,1,1,2,24.4845082389745,5,2
8540,24,127,1-24-2017-127-04,4,1,1,2,1100.60322429344,1,2
8603,32,139,1-32-2017-139-02,2,1,2,2,38.4516194156081,7,2
8720,22,117,1-22-2017-117-08,8,1,1,2,286.840311036185,12,2
8861,16,90,1-16-2017-090-09,9,1,1,2,3126.49455209188,5,2
8814,22,118,1-22-2017-118-05,5,1,1,2,106.503082895467,12,2
8221,33,98,1-33-2017-098-08,8,1,3,2,141.422186652066,12,2
8685,23,122,1-23-2017-122-06,6,2,1,2,344.123025577654,5,2
8865,19,137,1-19-2017-137-08,8,1,1,2,434.346179334881,9,2
8641,20,148,1-20-2017-148-02,2,1,1,2,126.215316597196,11,2
8956,13,127,1-13-2017-127-01,1,1,1,2,243.638815205032,7,2
7915,20,103,1-20-2017-103-01,1,1,1,2,88.908471839129,11,2
8059,32,109,1-32-2017-109-01,1,1,1,2,260.675640918197,7,2
8789,16,88,1-16-2017-088-06,6,2,1,2,2287.90777727149,5,2
8784,23,125,1-23-2017-125-03,3,1,1,2,677.063395466539,5,2
8667,24,132,1-24-2017-132-04,4,1,1,2,1278.16243613783,1,2
7411,23,66,1-23-2017-066-03,3,1,1,2,218.254636556835,5,2
8823,33,126,1-33-2017-126-06,6,1,1,2,98.4342757274466,12,2
8691,16,86,1-16-2017-086-09,9,1,1,2,3547.68665158674,5,2
8704,28,64,1-28-2017-064-09,9,1,1,2,3000.90381316687,3,2
8973,20,162,1-20-2017-162-02,2,1,1,2,39.0673380453663,11,2
8939,12,74,1-12-2017-074-06,6,2,1,2,419.209238229466,9,2
8771,30,99,1-30-2017-099-03,3,1,1,2,409.854237686373,10,2
8828,21,74,1-21-2017-074-01,1,1,1,2,121.777836364402,11,2
8883,21,76,1-21-2017-076-07,7,1,1,2,1176.55804083148,11,2
8628,25,47,1-25-2017-047-01,1,1,1,2,220.049992585504,2,2
8808,17,90,1-17-2017-090-02,2,1,1,2,70.2577413226443,4,2
9019,16,95,1-16-2017-095-06,6,1,1,2,910.104975477523,5,2
8449,15,96,1-15-2017-096-02,2,2,1,2,33.5752938530052,1,2
8890,32,152,1-32-2017-152-01,1,1,1,2,174.50197157516,7,2
8890,32,152,1-32-2017-152-01,1,1,2,2,174.50197157516,7,2
8281,15,86,1-15-2017-086-03,3,1,1,2,225.616696067158,1,2
8993,24,143,1-24-2017-143-04,4,1,1,2,968.176973936348,1,2
8387,33,110,1-33-2017-110-03,3,1,1,2,65.8727133970128,12,2
8854,26,80,1-26-2017-080-03,3,1,1,2,810.478641073217,10,2
7099,23,49,1-23-2017-049-05,5,1,3,2,68.4773923035499,5,2
8880,18,73,1-18-2017-073-01,1,1,1,2,136.741276248965,6,2
8557,26,70,1-26-2017-070-08,8,1,1,2,780.277188723453,10,2
9098,21,80,1-21-2017-080-08,8,1,1,2,47.0960370255936,11,2
8477,10,50,1-10-2017-050-09,9,1,2,2,203.905456779166,4,2
6878,20,39,1-20-2017-039-06,6,2,1,2,521.704452169489,11,2
8744,33,123,1-33-2017-123-10,10,1,1,2,1331.99271077784,12,2
7815,32,95,1-32-2017-095-02,2,2,1,2,62.5320886967792,7,2
8227,20,123,1-20-2017-123-06,6,1,1,2,513.411461110881,11,2
6563,10,14,1-10-2017-014-05,5,1,1,2,32.2382822714342,4,2
6582,11,10,1-11-2017-010-08,8,1,4,2,1502.31800595479,8,2
6582,11,10,1-11-2017-010-08,8,1,5,2,1502.31800595479,8,2
6582,11,10,1-11-2017-010-08,8,1,6,2,1502.31800595479,8,2
8975,21,77,1-21-2017-077-03,3,2,1,2,332.65973799181,11,2
7409,23,64,1-23-2017-064-01,1,2,3,2,90.8798878633592,5,2
9096,29,41,1-29-2017-041-09,9,1,1,2,102.787145651653,2,2
7690,18,41,1-18-2017-041-07,7,2,1,2,661.115200524445,6,2
9051,33,136,1-33-2017-136-06,6,1,1,2,215.212358607558,12,2
8671,11,58,1-11-2017-058-03,3,1,1,2,2705.76245215757,8,2
8777,10,62,1-10-2017-062-07,7,1,1,2,39.7072252191354,4,2
7888,10,39,1-10-2017-039-02,2,1,1,2,46.3428822044919,4,2
7888,10,39,1-10-2017-039-02,2,1,2,2,46.3428822044919,4,2
8803,19,134,1-19-2017-134-02,2,1,1,2,102.089013427492,9,2
8873,33,130,1-33-2017-130-04,4,1,1,2,65.0090935907276,12,2
7914,20,105,1-20-2017-105-05,5,1,1,2,64.4665998184883,11,2
6527,16,20,1-16-2017-020-01,1,1,1,2,114.656428155167,5,2
6527,16,20,1-16-2017-020-01,1,1,2,2,114.656428155167,5,2
6527,16,20,1-16-2017-020-01,1,1,3,2,114.656428155167,5,2
8905,25,51,1-25-2017-051-09,9,1,3,2,2248.17585176391,2,2
9047,20,168,1-20-2017-168-03,3,1,1,2,199.639627493091,11,2
8591,10,55,1-10-2017-055-03,3,1,1,2,96.1250564312298,4,2
8181,10,44,1-10-2017-044-09,9,2,1,2,280.295535501133,4,2
6949,10,24,1-10-2017-024-08,8,1,1,2,337.451892737631,4,2
6747,12,16,1-12-2017-016-06,6,1,3,2,1702.36586596526,9,2
6747,12,16,1-12-2017-016-06,6,1,4,2,1702.36586596526,9,2
7963,20,107,1-20-2017-107-08,8,1,1,2,103.545883771323,11,2
6240,31,3,1-31-2017-003-09,9,1,1,2,686.221391487831,6,2
6405,18,8,1-18-2017-008-07,7,1,1,2,1457.92941404829,6,2
6405,18,8,1-18-2017-008-07,7,1,3,2,1457.92941404829,6,2
6545,22,23,1-22-2017-023-07,7,1,1,2,479.8481974556,12,2
6542,21,10,1-21-2017-010-10,10,1,1,2,6259.16606446051,11,2
6603,33,22,1-33-2017-022-09,9,1,1,2,475.447101831128,12,2
6597,20,21,1-20-2017-021-06,6,1,1,2,282.610005265362,11,2
6635,17,18,1-17-2017-018-01,1,1,1,2,269.663303203211,4,2
6689,33,25,1-33-2017-025-01,1,1,1,2,72.2138621238404,12,2
6711,19,37,1-19-2017-037-07,7,1,1,2,3842.78409134777,9,2
6715,17,20,1-17-2017-020-09,9,1,1,2,2912.32257635234,4,2
6715,17,20,1-17-2017-020-09,9,1,4,2,2912.32257635234,4,2
6715,17,20,1-17-2017-020-09,9,1,7,2,2912.32257635234,4,2
6738,23,29,1-23-2017-029-04,4,1,1,2,951.596529837935,5,2
6809,11,18,1-11-2017-018-02,2,1,1,2,327.722359603461,8,2
6795,22,37,1-22-2017-037-03,3,1,1,2,138.601988535822,12,2
6904,19,48,1-19-2017-048-01,1,1,1,2,144.577008645512,9,2
6904,19,48,1-19-2017-048-01,1,1,2,2,144.577008645512,9,2
6989,21,21,1-21-2017-021-04,4,1,1,2,901.702013412171,11,2
6989,21,21,1-21-2017-021-04,4,1,2,2,901.702013412171,11,2
6989,21,21,1-21-2017-021-04,4,1,3,2,901.702013412171,11,2
6989,21,21,1-21-2017-021-04,4,1,4,2,901.702013412171,11,2
7264,19,70,1-19-2017-070-06,6,2,1,2,504.746733763628,9,2
7313,19,71,1-19-2017-071-02,2,1,1,2,102.254368521873,9,2
7358,16,53,1-16-2017-053-05,5,2,1,2,92.1384159346361,5,2
7395,11,33,1-11-2017-033-01,1,1,1,2,136.874808032145,8,2
7441,21,34,1-21-2017-034-10,10,2,1,2,2507.36352072078,11,2
7548,13,64,1-13-2017-064-09,9,1,3,2,1604.95204628538,7,2
7242,28,30,1-28-2017-030-06,6,1,1,2,69.8854671657851,3,2
7673,22,83,1-22-2017-083-01,1,1,3,2,167.843685715869,12,2
7697,23,77,1-23-2017-077-03,3,1,1,2,280.707313600264,5,2
7711,25,24,1-25-2017-024-01,1,1,1,2,94.6973868464172,2,2
7719,19,90,1-19-2017-090-09,9,1,1,2,1714.60742632915,9,2
7888,10,39,1-10-2017-039-02,2,2,1,2,46.3428822044919,4,2
8014,33,90,1-33-2017-090-01,1,1,1,2,72.2138621238404,12,2
8014,33,90,1-33-2017-090-01,1,1,2,2,72.2138621238404,12,2
8043,32,108,1-32-2017-108-04,4,2,1,2,1621.64908752691,7,2
8080,13,93,1-13-2017-093-04,4,1,1,2,3656.31496346705,7,2
7734,33,78,1-33-2017-078-09,9,1,1,2,264.571051607702,12,2
8349,27,26,1-27-2017-026-02,2,1,1,2,45.162698530899,3,2
8489,26,68,1-26-2017-068-04,4,1,1,2,1328.99402074676,10,2
8489,26,68,1-26-2017-068-04,4,1,2,2,1328.99402074676,10,2
8715,21,73,1-21-2017-073-07,7,1,1,2,782.566039309541,11,2
8987,14,72,1-14-2017-072-01,1,1,3,2,373.575302646237,8,2
8987,14,72,1-14-2017-072-01,1,1,4,2,373.575302646237,8,2
8967,29,39,1-29-2017-039-04,4,1,1,2,3382.05697688039,2,2
6155,30,2,1-30-2017-002-05,5,1,1,2,37.8522806752521,10,2
6155,30,2,1-30-2017-002-05,5,1,2,2,37.8522806752521,10,2
6204,33,3,1-33-2017-003-09,9,1,1,2,564.254277306589,12,2
6802,20,31,1-20-2017-031-06,6,1,1,2,736.164404750298,11,2
6868,19,46,1-19-2017-046-05,5,1,1,2,283.119230360775,9,2
7034,11,22,1-11-2017-022-06,6,1,1,2,6809.55000197747,8,2
7097,28,26,1-28-2017-026-02,2,1,1,2,81.1371710278704,3,2
7512,23,68,1-23-2017-068-03,3,2,1,2,169.646653447084,5,2
7598,22,81,1-22-2017-081-09,9,1,1,2,358.222728559319,12,2
7655,14,40,1-14-2017-040-08,8,2,1,2,1502.31800595479,8,2
8571,21,70,1-21-2017-070-09,9,1,1,2,394.697037335105,11,2
8700,19,130,1-19-2017-130-08,8,1,1,2,1502.31800595479,9,2
9092,18,76,1-18-2017-076-04,4,1,1,2,296.073302589964,6,2
6670,32,26,1-32-2017-026-09,9,1,1,2,10613.9895535626,7,2
6856,23,34,1-23-2017-034-02,2,1,1,2,66.3431143320455,5,2
9043,26,85,1-26-2017-085-03,3,1,1,2,285.16876480189,10,2
6389,10,7,1-10-2017-007-07,7,1,1,2,285.327922879391,4,2
6624,24,26,1-24-2017-026-03,3,1,1,2,239.026381557562,1,2
6624,24,26,1-24-2017-026-03,3,1,2,2,239.026381557562,1,2
6624,24,26,1-24-2017-026-03,3,1,3,2,239.026381557562,1,2
6847,32,35,1-32-2017-035-01,1,1,1,2,396.693839271766,7,2
6847,32,35,1-32-2017-035-01,1,1,2,2,396.693839271766,7,2
7122,30,54,1-30-2017-054-02,2,1,3,2,35.4694627639187,10,2
7225,19,67,1-19-2017-067-01,1,1,1,2,252.574818089803,9,2
7291,28,34,1-28-2017-034-06,6,1,1,2,311.85707879823,3,2
7892,17,62,1-17-2017-062-06,6,1,1,2,254.335237373771,4,2
9014,13,128,1-13-2017-128-02,2,1,1,2,192.701733989155,7,2
8516,33,116,1-33-2017-116-10,10,2,1,2,1675.6554078909,12,2
8562,14,63,1-14-2017-063-06,6,1,1,4,6809.55000197747,8,2
8044,20,113,1-20-2017-113-07,7,1,1,4,1024.31629768231,11,2
7927,11,42,1-11-2017-042-03,3,1,1,4,4196.66461204708,8,2
7927,11,42,1-11-2017-042-03,3,1,2,4,4196.66461204708,8,2
7363,19,74,1-19-2017-074-10,10,1,1,4,7255.18554010693,9,2
8950,30,106,1-30-2017-106-10,10,1,1,4,9575.19094404344,10,2
8759,32,144,1-32-2017-144-02,2,1,1,4,67.8702942642576,7,2
7445,15,44,1-15-2017-044-03,3,2,1,4,590.925100865906,1,2
6907,13,38,1-13-2017-038-03,3,1,1,4,1994.16895971702,7,2
6394,19,21,1-19-2017-021-03,3,2,1,4,2777.33927092249,9,2
7163,19,62,1-19-2017-062-03,3,1,1,4,624.196842497795,9,2
6640,20,24,1-20-2017-024-01,1,1,1,4,69.2885585024414,11,2
8853,26,79,1-26-2017-079-06,6,1,1,4,1175.98657313624,10,2
7138,12,26,1-12-2017-026-10,10,1,3,4,3396.44710962869,9,2
8763,20,152,1-20-2017-152-04,4,1,1,4,809.190222996132,11,2
6483,32,17,1-32-2017-017-06,6,1,1,4,2740.3603878526,7,2
6646,13,23,1-13-2017-023-03,3,1,1,4,1265.85023364405,7,2
9059,24,144,1-24-2017-144-09,9,2,1,4,2200.6157146792,1,2
8982,32,158,1-32-2017-158-09,9,1,1,4,8277.46752949088,7,2
6582,11,10,1-11-2017-010-08,8,1,1,4,1502.31800595479,8,2
8477,10,50,1-10-2017-050-09,9,1,1,4,203.905456779166,4,2
8568,30,93,1-30-2017-093-05,5,2,1,4,214.969846178075,10,2
9115,16,97,1-16-2017-097-03,3,1,1,4,162.417346964486,5,2
9095,13,129,1-13-2017-129-01,1,1,1,4,205.852801959089,7,2
9095,13,129,1-13-2017-129-01,1,1,2,4,205.852801959089,7,2
8387,33,110,1-33-2017-110-03,3,1,3,4,65.8727133970128,12,2
8449,15,96,1-15-2017-096-02,2,1,1,4,33.5752938530052,1,2
8951,16,91,1-16-2017-091-02,2,1,1,4,28.3871845804242,5,2
8572,13,114,1-13-2017-114-03,3,1,1,4,3137.67327522689,7,2
8572,13,114,1-13-2017-114-03,3,1,2,4,3137.67327522689,7,2
8891,32,153,1-32-2017-153-02,2,1,1,4,57.7373547747206,7,2
8794,32,146,1-32-2017-146-01,1,1,1,4,249.08747836634,7,2
8794,32,146,1-32-2017-146-01,1,1,2,4,249.08747836634,7,2
8603,32,139,1-32-2017-139-02,2,1,1,4,38.4516194156081,7,2
8962,13,125,1-13-2017-125-03,3,1,1,4,1036.63662966674,7,2
8976,21,78,1-21-2017-078-07,7,1,1,4,1189.6611001086,11,2
8882,21,75,1-21-2017-075-04,4,1,1,4,937.75875424882,11,2
8513,13,112,1-13-2017-112-02,2,1,1,4,83.4293084279653,7,2
8731,30,96,1-30-2017-096-09,9,1,1,4,2664.29630240034,10,2
8731,30,96,1-30-2017-096-09,9,1,2,4,2664.29630240034,10,2
8731,30,96,1-30-2017-096-09,9,1,3,4,2664.29630240034,10,2
8731,30,96,1-30-2017-096-09,9,1,4,4,2664.29630240034,10,2
8265,13,102,1-13-2017-102-02,2,1,1,4,49.8928274034076,7,2
8290,13,103,1-13-2017-103-03,3,3,1,4,641.778385073643,7,2
8592,32,138,1-32-2017-138-06,6,1,1,4,1714.99079327111,7,2
8338,12,60,1-12-2017-060-04,4,1,1,4,3838.87370925107,9,2
8356,26,63,1-26-2017-063-06,6,1,1,4,571.998729971993,10,2
8247,24,113,1-24-2017-113-03,3,1,1,4,378.466272566111,1,2
6375,24,13,1-24-2017-013-07,7,1,1,4,556.161111626185,1,2
8435,12,62,1-12-2017-062-03,3,1,1,4,441.848965718857,9,2
8458,13,109,1-13-2017-109-03,3,1,3,4,588.496849700361,7,2
8458,13,109,1-13-2017-109-03,3,1,4,4,588.496849700361,7,2
8213,13,97,1-13-2017-097-07,7,2,1,4,2231.50714696432,7,2
7511,23,67,1-23-2017-067-04,4,1,1,4,605.285746831268,5,2
7812,23,84,1-23-2017-084-07,7,3,1,4,309.275513655422,5,2
7933,32,102,1-32-2017-102-07,7,1,1,4,2386.69130050243,7,2
7744,15,56,1-15-2017-056-04,4,1,1,4,1013.24784743425,1,2
7998,19,102,1-19-2017-102-08,8,1,4,4,305.991351541211,9,2
8010,13,89,1-13-2017-089-09,9,2,1,4,6987.46072198689,7,2
7973,22,100,1-22-2017-100-10,10,1,5,4,1279.90483931947,12,2
7968,22,99,1-22-2017-099-10,10,1,1,4,1279.90483931947,12,2
7973,22,100,1-22-2017-100-10,10,1,1,4,1279.90483931947,12,2
7951,19,98,1-19-2017-098-05,5,1,3,4,115.226768052376,9,2
7648,24,78,1-24-2017-078-07,7,1,1,4,928.594095161747,1,2
7655,14,40,1-14-2017-040-08,8,1,1,4,1502.31800595479,8,2
7659,19,86,1-19-2017-086-08,8,1,1,4,521.301323210648,9,2
7809,28,45,1-28-2017-045-04,4,1,1,4,432.322997257371,3,2
7806,32,93,1-32-2017-093-06,6,1,1,4,1339.87704916561,7,2
7806,32,93,1-32-2017-093-06,6,1,2,4,1339.87704916561,7,2
7558,17,49,1-17-2017-049-03,3,1,1,4,134.788043483168,4,2
7762,32,91,1-32-2017-091-03,3,2,1,4,690.834741181551,7,2
7537,31,33,1-31-2017-033-09,9,1,3,4,1539.73058488066,6,2
7425,14,36,1-14-2017-036-03,3,1,1,4,2580.5468470366,8,2
7651,32,84,1-32-2017-084-02,2,1,1,4,58.3131460122481,7,2
7671,13,70,1-13-2017-070-10,10,1,1,4,15640.02830766,7,2
7356,32,72,1-32-2017-072-02,2,1,1,4,94.5807082496523,7,2
7286,15,34,1-15-2017-034-06,6,1,1,4,721.030955263309,1,2
7333,14,33,1-14-2017-033-07,7,2,1,4,2666.64479275074,8,2
7135,33,48,1-33-2017-048-06,6,1,6,4,202.722371698373,12,2
7175,33,53,1-33-2017-053-06,6,1,1,4,66.4575130793752,12,2
7180,13,51,1-13-2017-051-02,2,1,1,4,223.870775887877,7,2
7180,13,51,1-13-2017-051-02,2,1,2,4,223.870775887877,7,2
7180,13,51,1-13-2017-051-02,2,1,3,4,223.870775887877,7,2
7366,13,57,1-13-2017-057-07,7,1,1,4,3594.9132750111,7,2
7322,22,67,1-22-2017-067-03,3,1,1,4,65.6205867032439,12,2
6839,30,40,1-30-2017-040-09,9,1,1,4,3397.36491587046,10,2
7108,24,53,1-24-2017-053-09,9,1,1,4,1498.36002604596,1,2
7276,22,65,1-22-2017-065-10,10,2,1,4,240.11221588755,12,2
7274,16,50,1-16-2017-050-03,3,1,1,4,339.165717430063,5,2
7118,30,52,1-30-2017-052-07,7,1,1,4,1653.59739057328,10,2
7118,30,52,1-30-2017-052-07,7,1,2,4,1653.59739057328,10,2
6909,21,19,1-21-2017-019-04,4,1,1,4,559.906101636162,11,2
6821,32,34,1-32-2017-034-03,3,1,1,4,1687.85652753375,7,2
7103,32,53,1-32-2017-053-07,7,1,1,4,4690.24426634406,7,2
7125,13,50,1-13-2017-050-04,4,1,1,4,2521.65929840692,7,2
6746,11,17,1-11-2017-017-01,1,1,1,4,473.930148358357,8,2
7073,26,28,1-26-2017-028-09,9,1,1,4,4333.88950040039,10,2
7016,16,39,1-16-2017-039-04,4,1,1,4,2127.02225203264,5,2
6660,16,28,1-16-2017-028-08,8,1,1,4,1148.15376578354,5,2
6900,14,22,1-14-2017-022-03,3,1,1,4,4315.48660951168,8,2
6837,33,35,1-33-2017-035-06,6,2,1,4,345.47842926931,12,2
6978,23,41,1-23-2017-041-03,3,2,1,4,263.119593647134,5,2
6482,10,11,1-10-2017-011-03,3,1,1,4,157.312954998393,4,2
6789,17,22,1-17-2017-022-05,5,1,1,4,139.771523758914,4,2
6093,23,2,1-23-2017-002-07,7,1,1,4,929.1099817139,5,2
6093,23,2,1-23-2017-002-07,7,1,2,4,929.1099817139,5,2
6778,32,31,1-32-2017-031-07,7,1,1,4,5306.80771863192,7,2
6648,30,28,1-30-2017-028-08,8,1,1,4,446.577391879591,10,2
6648,30,28,1-30-2017-028-08,8,1,2,4,446.577391879591,10,2
6188,19,8,1-19-2017-008-08,8,1,3,4,306.905612993846,9,2
6266,19,13,1-19-2017-013-05,5,1,5,4,79.9848995102589,9,2
6602,15,12,1-15-2017-012-06,6,1,1,4,1189.18934594369,1,2
6704,14,17,1-14-2017-017-05,5,1,1,4,628.832940754307,8,2
6736,16,30,1-16-2017-030-07,7,1,1,4,3068.62319672174,5,2
6562,28,11,1-28-2017-011-07,7,1,1,4,168.252974989278,3,2
6492,17,15,1-17-2017-015-04,4,2,1,4,2396.01535024564,4,2
6723,13,27,1-13-2017-027-08,8,1,3,4,1145.11784943843,7,2
6723,13,27,1-13-2017-027-08,8,1,4,4,1145.11784943843,7,2
6604,30,25,1-30-2017-025-10,10,1,1,4,13435.6884497832,10,2
6214,18,3,1-18-2017-003-10,10,1,1,4,4594.56953046122,6,2
6392,32,13,1-32-2017-013-01,1,1,1,4,473.930148358357,7,2
6392,32,13,1-32-2017-013-01,1,1,2,4,473.930148358357,7,2
6085,30,1,1-30-2017-001-03,3,1,1,4,73.2399735499352,10,2
6085,30,1,1-30-2017-001-03,3,1,2,4,73.2399735499352,10,2
6104,16,3,1-16-2017-003-05,5,1,1,4,51.0113857468289,5,2
6237,16,8,1-16-2017-008-07,7,1,1,4,700.608668706153,5,2
6095,24,1,1-24-2017-001-07,7,2,1,4,1057.24455000333,1,2
6679,21,13,1-21-2017-013-08,8,1,2,3,871.906857628612,11,2
6643,33,23,1-33-2017-023-06,6,1,2,3,151.55835338118,12,2
6875,22,41,1-22-2017-041-08,8,1,4,3,113.695698457785,12,2
6372,20,12,1-20-2017-012-07,7,1,2,3,670.91945689348,11,2
6836,33,34,1-33-2017-034-08,8,1,2,3,217.884133565871,12,2
6920,22,44,1-22-2017-044-08,8,1,2,3,83.0427441010983,12,2
7179,22,60,1-22-2017-060-09,9,1,2,3,707.286318683172,12,2
6620,11,12,1-11-2017-012-08,8,1,2,3,613.015996269852,8,2
7167,31,25,1-31-2017-025-03,3,1,2,3,471.724144285409,6,2
7236,15,32,1-15-2017-032-03,3,1,2,3,503.308139879898,1,2
7135,33,48,1-33-2017-048-06,6,1,4,3,202.722371698373,12,2
7408,28,37,1-28-2017-037-07,7,1,2,3,1081.49343808104,3,2
7537,31,33,1-31-2017-033-09,9,1,2,3,1539.73058488066,6,2
7675,33,73,1-33-2017-073-10,10,1,2,3,2616.2429621909,12,2
7973,22,100,1-22-2017-100-10,10,1,4,3,1279.90483931947,12,2
8005,17,69,1-17-2017-069-08,8,1,4,3,338.596207178048,4,2
8238,28,57,1-28-2017-057-09,9,1,3,3,1854.6392137218,3,2
8354,28,59,1-28-2017-059-10,10,1,2,3,10040.0218377119,3,2
8458,13,109,1-13-2017-109-03,3,1,2,3,588.496849700361,7,2
6402,33,12,1-33-2017-012-04,4,1,2,3,266.916315329579,12,2
8441,33,113,1-33-2017-113-09,9,1,2,3,296.889945671954,12,2
8059,32,109,1-32-2017-109-01,1,1,2,3,260.675640918197,7,2
8387,33,110,1-33-2017-110-03,3,1,2,3,65.8727133970128,12,2
7888,10,39,1-10-2017-039-02,2,1,3,3,46.3428822044919,4,2
6405,18,8,1-18-2017-008-07,7,1,2,3,1457.92941404829,6,2
6545,22,23,1-22-2017-023-07,7,1,2,3,479.8481974556,12,2
6405,18,8,1-18-2017-008-07,7,1,4,3,1457.92941404829,6,2
6597,20,21,1-20-2017-021-06,6,1,2,3,282.610005265362,11,2
6603,33,22,1-33-2017-022-09,9,1,2,3,475.447101831128,12,2
6646,13,23,1-13-2017-023-03,3,1,2,5,1265.85023364405,7,2
7973,22,100,1-22-2017-100-10,10,1,2,5,1279.90483931947,12,2
7135,33,48,1-33-2017-048-06,6,1,5,5,202.722371698373,12,2
7108,24,53,1-24-2017-053-09,9,1,2,5,1498.36002604596,1,2
7366,13,57,1-13-2017-057-07,7,1,2,5,3594.9132750111,7,2
6318,26,4,1-26-2017-004-09,9,1,1,98,4450.78214838925,10,2
6266,19,13,1-19-2017-013-05,5,1,2,98,79.9848995102589,9,2
6266,19,13,1-19-2017-013-05,5,1,3,98,79.9848995102589,9,2
6386,16,13,1-16-2017-013-09,9,1,3,98,1126.03630615239,5,2
6416,30,16,1-30-2017-016-09,9,1,2,98,2649.49636731665,10,2
8810,17,92,1-17-2017-092-08,8,1,2,98,265.668325446656,4,2
8880,18,73,1-18-2017-073-01,1,1,3,98,136.741276248965,6,2
8880,18,73,1-18-2017-073-01,1,1,4,98,136.741276248965,6,2
7759,10,37,1-10-2017-037-05,5,1,3,98,41.5852434204435,4,2
8059,32,109,1-32-2017-109-01,1,2,1,98,260.675640918197,7,2
6054,20,1,1-20-2017-001-10,10,1,1,98,31.9924847541354,11,2
6806,20,33,1-20-2017-033-08,8,1,2,98,313.37870302556,11,2
8763,20,152,1-20-2017-152-04,4,3,1,98,809.190222996132,11,2
7225,19,67,1-19-2017-067-01,1,1,2,98,252.574818089803,9,2
7268,13,55,1-13-2017-055-10,10,1,1,6,15216.8351949018,7,2
7122,30,54,1-30-2017-054-02,2,1,4,6,35.4694627639187,10,2
6847,32,35,1-32-2017-035-01,1,1,3,6,396.693839271766,7,2
6624,24,26,1-24-2017-026-03,3,1,4,6,239.026381557562,1,2
6389,10,7,1-10-2017-007-07,7,1,2,6,285.327922879391,4,2
7892,17,62,1-17-2017-062-06,6,1,2,6,254.335237373771,4,2
6670,32,26,1-32-2017-026-09,9,1,2,6,10613.9895535626,7,2
6868,19,46,1-19-2017-046-05,5,1,2,6,283.119230360775,9,2
6204,33,3,1-33-2017-003-09,9,1,2,6,564.254277306589,12,2
6155,30,2,1-30-2017-002-05,5,1,3,6,37.8522806752521,10,2
7598,22,81,1-22-2017-081-09,9,1,2,6,358.222728559319,12,2
8571,21,70,1-21-2017-070-09,9,1,2,6,394.697037335105,11,2
8489,26,68,1-26-2017-068-04,4,1,3,6,1328.99402074676,10,2
8518,20,141,1-20-2017-141-05,5,1,1,6,36.1461893918856,11,2
7734,33,78,1-33-2017-078-09,9,1,2,6,264.571051607702,12,2
6635,17,18,1-17-2017-018-01,1,1,2,6,269.663303203211,4,2
6711,19,37,1-19-2017-037-07,7,1,2,6,3842.78409134777,9,2
6715,17,20,1-17-2017-020-09,9,1,5,6,2912.32257635234,4,2
6989,21,21,1-21-2017-021-04,4,1,5,6,901.702013412171,11,2
7090,20,55,1-20-2017-055-02,2,1,1,6,39.0673380453663,11,2
6904,19,48,1-19-2017-048-01,1,1,3,6,144.577008645512,9,2
6795,22,37,1-22-2017-037-03,3,1,2,6,138.601988535822,12,2
6738,23,29,1-23-2017-029-04,4,1,2,6,951.596529837935,5,2
6715,17,20,1-17-2017-020-09,9,1,8,6,2912.32257635234,4,2
7313,19,71,1-19-2017-071-02,2,1,2,6,102.254368521873,9,2
7342,20,74,1-20-2017-074-08,8,1,1,6,73.2302624187134,11,2
7548,13,64,1-13-2017-064-09,9,1,4,6,1604.95204628538,7,2
8014,33,90,1-33-2017-090-01,1,1,3,6,72.2138621238404,12,2
7719,19,90,1-19-2017-090-09,9,1,2,6,1714.60742632915,9,2
7697,23,77,1-23-2017-077-03,3,1,2,6,280.707313600264,5,2
7673,22,83,1-22-2017-083-01,1,1,4,6,167.843685715869,12,2
7242,28,30,1-28-2017-030-06,6,1,2,6,69.8854671657851,3,2
6377,26,6,1-26-2017-006-04,4,1,1,6,3522.06508047726,10,2
6240,31,3,1-31-2017-003-09,9,1,2,6,686.221391487831,6,2
6747,12,16,1-12-2017-016-06,6,1,5,6,1702.36586596526,9,2
7138,12,26,1-12-2017-026-10,10,1,1,6,3396.44710962869,9,2
7963,20,107,1-20-2017-107-08,8,1,2,6,103.545883771323,11,2
8622,29,32,1-29-2017-032-03,3,1,1,6,274.48248154165,2,2
6806,20,33,1-20-2017-033-08,8,1,1,6,313.37870302556,11,2
9023,29,40,1-29-2017-040-09,9,1,1,6,919.403722286325,2,2
6949,10,24,1-10-2017-024-08,8,1,2,6,337.451892737631,4,2
8905,25,51,1-25-2017-051-09,9,1,4,6,2248.17585176391,2,2
7914,20,105,1-20-2017-105-05,5,1,2,6,64.4665998184883,11,2
8873,33,130,1-33-2017-130-04,4,1,2,6,65.0090935907276,12,2
8803,19,134,1-19-2017-134-02,2,1,2,6,102.089013427492,9,2
8995,23,134,1-23-2017-134-08,8,1,3,6,65.323477827648,5,2
6563,10,14,1-10-2017-014-05,5,1,2,6,32.2382822714342,4,2
6582,11,10,1-11-2017-010-08,8,1,7,6,1502.31800595479,8,2
8477,10,50,1-10-2017-050-09,9,1,3,6,203.905456779166,4,2
8744,33,123,1-33-2017-123-10,10,1,2,6,1331.99271077784,12,2
8980,15,116,1-15-2017-116-02,2,1,1,6,16.2817299127725,1,2
8979,15,115,1-15-2017-115-04,4,1,1,6,660.955988033254,1,2
9096,29,41,1-29-2017-041-09,9,1,2,6,102.787145651653,2,2
8872,33,129,1-33-2017-129-04,4,1,1,6,65.0090935907276,12,2
8618,12,67,1-12-2017-067-04,4,1,1,6,952.928535763813,9,2
8337,12,59,1-12-2017-059-04,4,1,1,6,3838.87370925107,9,2
7759,10,37,1-10-2017-037-05,5,1,2,6,41.5852434204435,4,2
8419,16,76,1-16-2017-076-04,4,1,2,6,1988.35356427731,5,2
8428,17,83,1-17-2017-083-06,6,1,2,6,350.703264607316,4,2
8199,25,37,1-25-2017-037-03,3,1,2,6,200.659661556227,2,2
8004,17,68,1-17-2017-068-02,2,1,2,6,100.146694052494,4,2
8495,14,61,1-14-2017-061-05,5,1,2,6,425.667528533408,8,2
8551,16,81,1-16-2017-081-03,3,1,2,6,526.78168572825,5,2
8448,15,95,1-15-2017-095-09,9,1,1,6,2485.44786628367,1,2
7962,20,106,1-20-2017-106-09,9,1,1,6,843.752241763389,11,2
7754,23,80,1-23-2017-080-03,3,1,4,6,106.538606276617,5,2
8267,17,76,1-17-2017-076-08,8,1,4,6,421.793016497506,4,2
6402,33,12,1-33-2017-012-04,4,1,4,6,266.916315329579,12,2
8402,11,54,1-11-2017-054-09,9,1,1,6,11639.6206078446,8,2
7841,21,52,1-21-2017-052-06,6,1,1,6,193.070745738224,11,2
8210,18,55,1-18-2017-055-07,7,1,2,6,1178.91146170421,6,2
8436,20,136,1-20-2017-136-06,6,1,1,6,251.653866514024,11,2
8257,24,114,1-24-2017-114-03,3,1,1,6,378.466272575188,1,2
8244,32,119,1-32-2017-119-02,2,1,2,6,180.921250646427,7,2
8430,21,64,1-21-2017-064-03,3,1,2,6,201.697409885435,11,2
7737,20,95,1-20-2017-095-03,3,1,1,6,398.769352470509,11,2
8567,19,125,1-19-2017-125-03,3,1,2,6,693.38320311199,9,2
8880,18,73,1-18-2017-073-01,1,1,2,6,136.741276248965,6,2
7099,23,49,1-23-2017-049-05,5,1,4,6,68.4773923035499,5,2
8557,26,70,1-26-2017-070-08,8,1,2,6,780.277188723453,10,2
8792,12,71,1-12-2017-071-02,2,1,1,6,595.882247889333,9,2
8890,32,152,1-32-2017-152-01,1,1,3,6,174.50197157516,7,2
8810,17,92,1-17-2017-092-08,8,1,1,6,265.668325446656,4,2
8171,20,121,1-20-2017-121-03,3,1,1,6,140.674716793797,11,2
9019,16,95,1-16-2017-095-06,6,1,2,6,910.104975477523,5,2
9025,17,95,1-17-2017-095-01,1,1,1,6,141.139794069296,4,2
8828,21,74,1-21-2017-074-01,1,1,2,6,121.777836364402,11,2
7411,23,66,1-23-2017-066-03,3,1,2,6,218.254636556835,5,2
8929,23,130,1-23-2017-130-05,5,1,1,6,68.4773923035499,5,2
8845,23,129,1-23-2017-129-03,3,1,1,6,222.500888838269,5,2
8785,23,126,1-23-2017-126-07,7,1,1,6,2571.4882895208,5,2
8704,28,64,1-28-2017-064-09,9,1,2,6,3000.90381316687,3,2
8691,16,86,1-16-2017-086-09,9,1,2,6,3547.68665158674,5,2
8990,11,63,1-11-2017-063-04,4,1,1,6,16228.3090768642,8,2
8745,33,124,1-33-2017-124-04,4,1,1,6,271.651859111832,12,2
8865,19,137,1-19-2017-137-08,8,1,2,6,434.346179334881,9,2
8221,33,98,1-33-2017-098-08,8,1,4,6,141.422186652066,12,2
8814,22,118,1-22-2017-118-05,5,1,2,6,106.503082895467,12,2
8899,32,154,1-32-2017-154-07,7,1,1,6,2691.73344465878,7,2
8861,16,90,1-16-2017-090-09,9,1,2,6,3126.49455209188,5,2
8825,20,154,1-20-2017-154-05,5,1,1,6,37.3161505322178,11,2
8569,30,94,1-30-2017-094-01,1,1,1,6,296.473531547872,10,2
8720,22,117,1-22-2017-117-08,8,1,2,6,286.840311036185,12,2
8540,24,127,1-24-2017-127-04,4,1,2,6,1100.60322429344,1,2
7818,24,88,1-24-2017-088-09,9,1,1,6,3104.8070286023,1,2
7997,19,101,1-19-2017-101-07,7,1,2,6,1291.67508035249,9,2
7884,19,96,1-19-2017-096-02,2,1,2,6,193.462398169656,9,2
7998,19,102,1-19-2017-102-08,8,1,2,6,305.991351541211,9,2
7751,13,75,1-13-2017-075-04,4,1,2,6,2843.96092831067,7,2
7900,22,95,1-22-2017-095-04,4,1,1,6,234.577677181081,12,2
7832,12,45,1-12-2017-045-09,9,1,2,6,3838.87221500274,9,2
8012,30,77,1-30-2017-077-03,3,1,4,6,1794.30440355272,10,2
7953,19,100,1-19-2017-100-07,7,1,2,6,4322.99062713303,9,2
6416,30,16,1-30-2017-016-09,9,1,1,6,2649.49636731665,10,2
7709,12,42,1-12-2017-042-04,4,1,1,6,2139.05710310235,9,2
7980,32,105,1-32-2017-105-07,7,1,1,6,1697.99965014925,7,2
7881,28,48,1-28-2017-048-01,1,1,2,6,137.6970604631,3,2
7880,28,47,1-28-2017-047-01,1,1,2,6,137.6970604631,3,2
7811,23,83,1-23-2017-083-09,9,1,1,6,491.083344288599,5,2
7810,28,46,1-28-2017-046-01,1,1,2,6,128.059818917926,3,2
8089,22,103,1-22-2017-103-07,7,1,2,6,789.847825993546,12,2
7240,16,48,1-16-2017-048-01,1,1,3,6,85.6880315101766,5,2
7984,28,51,1-28-2017-051-04,4,1,1,6,524.128377475225,3,2
7559,20,86,1-20-2017-086-08,8,1,3,6,175.736135296403,11,2
8238,28,57,1-28-2017-057-09,9,1,4,6,1854.6392137218,3,2
7965,33,86,1-33-2017-086-07,7,1,2,6,433.721756672474,12,2
8105,28,55,1-28-2017-055-06,6,1,2,6,120.707039151254,3,2
8164,14,54,1-14-2017-054-10,10,1,2,6,8090.1002723741,8,2
8251,19,113,1-19-2017-113-01,1,1,2,6,148.472388208338,9,2
7794,21,50,1-21-2017-050-03,3,1,2,6,108.939878475118,11,2
8064,19,106,1-19-2017-106-04,4,2,1,6,1303.55011135808,9,2
7779,21,49,1-21-2017-049-09,9,1,2,6,482.913130979312,11,2
8239,28,58,1-28-2017-058-06,6,1,2,6,391.086482346031,3,2
8104,28,54,1-28-2017-054-09,9,1,2,6,572.425840032206,3,2
8096,28,53,1-28-2017-053-07,7,1,2,6,174.677102645236,3,2
7843,33,81,1-33-2017-081-08,8,1,2,6,103.236549053167,12,2
7686,20,88,1-20-2017-088-08,8,1,3,6,136.912007382059,11,2
8194,12,56,1-12-2017-056-04,4,1,1,6,6880.05579409105,9,2
7954,13,85,1-13-2017-085-09,9,1,1,6,5700.84514470473,7,2
8110,31,42,1-31-2017-042-08,8,1,2,6,533.585408156618,6,2
7855,18,46,1-18-2017-046-07,7,1,1,6,252.546130300441,6,2
7993,23,91,1-23-2017-091-08,8,1,1,6,159.720570217539,5,2
7299,32,69,1-32-2017-069-03,3,1,2,6,678.982104361418,7,2
7861,15,64,1-15-2017-064-08,8,1,1,6,429.366610465512,1,2
7838,13,80,1-13-2017-080-02,2,1,1,6,51.904912208122,7,2
8123,22,104,1-22-2017-104-01,1,1,2,6,146.188830731975,12,2
7570,11,37,1-11-2017-037-02,2,1,1,6,148.716301092716,8,2
7456,12,35,1-12-2017-035-04,4,1,2,6,3990.87077387485,9,2
7325,33,61,1-33-2017-061-09,9,1,5,6,75.3307217326577,12,2
7572,23,71,1-23-2017-071-10,10,1,1,6,2303.66960608184,5,2
7703,10,36,1-10-2017-036-08,8,1,1,6,120.865319356911,4,2
7587,10,34,1-10-2017-034-07,7,1,1,6,424.432805501594,4,2
7702,28,42,1-28-2017-042-02,2,1,2,6,70.5260687712307,3,2
6182,17,4,1-17-2017-004-09,9,1,1,6,384.013662303031,4,2
7700,24,82,1-24-2017-082-10,10,1,1,6,3542.08453945439,1,2
7571,23,70,1-23-2017-070-07,7,1,2,6,524.47352410438,5,2
7951,19,98,1-19-2017-098-05,5,1,1,6,115.226768052376,9,2
7955,13,86,1-13-2017-086-07,7,1,2,6,3590.29038735847,7,2
7672,13,71,1-13-2017-071-03,3,1,2,6,957.099681574314,7,2
7667,21,42,1-21-2017-042-07,7,1,3,6,722.11786068221,11,2
7956,13,87,1-13-2017-087-02,2,1,1,6,77.0112918240922,7,2
7319,21,28,1-21-2017-028-03,3,1,4,6,367.467193042291,11,2
7799,20,97,1-20-2017-097-04,4,1,1,6,2093.85301879526,11,2
7584,14,39,1-14-2017-039-03,3,1,2,6,3229.32735824175,8,2
7605,18,38,1-18-2017-038-02,2,1,2,6,82.5675036810661,6,2
7588,19,84,1-19-2017-084-02,2,1,2,6,139.959423353599,9,2
7603,33,71,1-33-2017-071-10,10,1,4,6,339.788882491816,12,2
6386,16,13,1-16-2017-013-09,9,1,2,6,1126.03630615239,5,2
6544,22,22,1-22-2017-022-08,8,1,2,6,135.032270274358,12,2
6383,14,8,1-14-2017-008-08,8,1,4,6,1502.31800595479,8,2
6489,27,2,1-27-2017-002-03,3,1,1,6,78.5353089938537,3,2
6323,33,7,1-33-2017-007-09,9,1,2,6,766.822710622516,12,2
6297,28,5,1-28-2017-005-08,8,1,1,6,822.528288874043,3,2
6388,10,6,1-10-2017-006-03,3,1,1,6,75.9752016335223,4,2
6510,33,16,1-33-2017-016-05,5,1,2,6,68.0497986758237,12,2
6219,30,6,1-30-2017-006-04,4,1,2,6,759.796183896963,10,2
6260,33,4,1-33-2017-004-09,9,1,2,6,275.58801350289,12,2
6274,30,7,1-30-2017-007-03,3,1,5,6,195.270340617582,10,2
6134,21,2,1-21-2017-002-09,9,1,1,6,440.927593351114,11,2
6165,23,4,1-23-2017-004-06,6,1,2,6,561.326705636604,5,2
6185,12,2,1-12-2017-002-06,6,1,1,6,6809.55000197747,9,2
6117,17,2,1-17-2017-002-09,9,1,2,6,1415.1062926472,4,2
6042,32,1,1-32-2017-001-09,9,1,1,6,439.988808087459,7,2
6111,19,4,1-19-2017-004-05,5,1,2,6,84.4524216922148,9,2
6200,22,5,1-22-2017-005-04,4,1,2,6,220.136301508367,12,2
6140,20,2,1-20-2017-002-03,3,1,1,6,51.7419523783465,11,2
6189,19,9,1-19-2017-009-05,5,1,1,6,79.9848995102589,9,2
6184,17,6,1-17-2017-006-04,4,1,2,6,214.939687324865,4,2
6256,22,9,1-22-2017-009-09,9,1,2,6,302.835159341122,12,2
6242,12,4,1-12-2017-004-07,7,1,1,6,3303.40692034561,9,2
6322,22,12,1-22-2017-012-07,7,1,2,6,166.543174350512,12,2
6229,24,4,1-24-2017-004-07,7,1,1,6,615.743725181132,1,2
6124,31,1,1-31-2017-001-10,10,1,2,6,1073.84216837139,6,2
6266,19,13,1-19-2017-013-05,5,1,1,6,79.9848995102589,9,2
6345,23,9,1-23-2017-009-03,3,1,2,6,187.820886282507,5,2
6272,20,6,1-20-2017-006-01,1,1,1,6,52.1831206563757,11,2
6639,18,13,1-18-2017-013-06,6,1,2,6,385.190322042092,6,2
6666,11,13,1-11-2017-013-05,5,1,2,6,533.608977976811,8,2
6188,19,8,1-19-2017-008-08,8,1,1,6,306.905612993846,9,2
6458,20,15,1-20-2017-015-10,10,1,1,6,2128.2680557841,11,2
6826,19,44,1-19-2017-044-08,8,1,1,6,1264.8216884943,9,2
6830,18,19,1-18-2017-019-08,8,1,2,6,703.273619459784,6,2
6749,17,21,1-17-2017-021-07,7,1,2,6,1152.79836779502,4,2
6875,22,41,1-22-2017-041-08,8,1,2,6,113.695698457785,12,2
6867,19,45,1-19-2017-045-02,2,1,2,6,178.303649458387,9,2
6855,28,19,1-28-2017-019-06,6,1,4,6,154.889477796316,3,2
6719,18,16,1-18-2017-016-03,3,1,2,6,208.07525317884,6,2
6548,20,19,1-20-2017-019-10,10,1,2,6,3008.70123621791,11,2
6775,10,21,1-10-2017-021-10,10,1,1,6,3689.5500133657,4,2
6150,10,1,1-10-2017-001-09,9,1,1,6,1076.86348486225,4,2
6684,15,15,1-15-2017-015-06,6,1,2,6,1196.75176319565,1,2
6811,28,18,1-28-2017-018-06,6,1,2,6,185.209716714862,3,2
6677,22,29,1-22-2017-029-04,4,1,2,6,228.219701563568,12,2
6549,20,20,1-20-2017-020-09,9,1,1,6,1367.98268811992,11,2
6723,13,27,1-13-2017-027-08,8,1,1,6,1145.11784943843,7,2
6492,17,15,1-17-2017-015-04,4,1,1,6,2396.01535024564,4,2
6748,29,14,1-29-2017-014-03,3,1,1,6,860.19338867189,2,2
6166,23,5,1-23-2017-005-04,4,1,1,6,1032.61891630804,5,2
6754,18,17,1-18-2017-017-09,9,1,2,6,2543.89401154685,6,2
6671,12,13,1-12-2017-013-06,6,1,1,6,1527.56309545422,9,2
6567,28,12,1-28-2017-012-10,10,1,2,6,2590.76862324372,3,2
6574,24,23,1-24-2017-023-06,6,1,1,6,1426.27999266478,1,2
6507,15,10,1-15-2017-010-02,2,1,1,6,60.4241199960332,1,2
6593,33,20,1-33-2017-020-03,3,1,1,6,100.559359139715,12,2
6584,19,31,1-19-2017-031-05,5,1,1,6,79.9848995102589,9,2
6599,31,10,1-31-2017-010-08,8,1,2,6,533.585408156618,6,2
6596,22,25,1-22-2017-025-03,3,1,2,6,166.374615766795,12,2
6576,32,21,1-32-2017-021-10,10,1,2,6,20830.7351125155,7,2
7366,13,57,1-13-2017-057-07,7,1,4,6,3594.9132750111,7,2
7183,20,61,1-20-2017-061-09,9,1,1,6,1958.12195970583,11,2
7223,18,30,1-18-2017-030-08,8,1,2,6,363.809011306322,6,2
7343,28,35,1-28-2017-035-09,9,1,2,6,115.287608460826,3,2
6568,29,10,1-29-2017-010-04,4,1,2,6,1735.62976673693,2,2
7287,28,33,1-28-2017-033-06,6,1,2,6,79.4139291844408,3,2
6304,16,10,1-16-2017-010-02,2,1,3,6,61.0428434944616,5,2
7316,12,32,1-12-2017-032-03,3,1,1,6,631.788821474217,9,2
7079,20,53,1-20-2017-053-07,7,1,2,6,1659.45466607248,11,2
7294,23,60,1-23-2017-060-04,4,1,1,6,3008.74527679183,5,2
7187,21,24,1-21-2017-024-09,9,1,1,6,1280.88780295301,11,2
7221,22,63,1-22-2017-063-08,8,1,2,6,78.2105272741197,12,2
6702,24,29,1-24-2017-029-01,1,1,2,6,102.186288431084,1,2
7162,19,61,1-19-2017-061-05,5,1,2,6,82.4453252502058,9,2
6846,26,22,1-26-2017-022-03,3,1,2,6,2176.53884370464,10,2
7521,32,80,1-32-2017-080-03,3,1,1,6,1166.26283887066,7,2
7135,33,48,1-33-2017-048-06,6,1,2,6,202.722371698373,12,2
7211,12,29,1-12-2017-029-09,9,1,2,6,3832.45356653444,9,2
7431,31,32,1-31-2017-032-06,6,1,2,6,561.1165598367,6,2
7164,19,63,1-19-2017-063-05,5,1,1,6,82.4453252502058,9,2
7620,24,75,1-24-2017-075-03,3,1,2,6,219.954145362561,1,2
7593,17,50,1-17-2017-050-07,7,1,1,6,900.226382664292,4,2
7326,33,62,1-33-2017-062-09,9,1,1,6,75.3307217326577,12,2
7364,19,75,1-19-2017-075-08,8,1,2,6,215.277774648986,9,2
7361,18,33,1-18-2017-033-04,4,1,2,6,706.858696425074,6,2
7263,19,69,1-19-2017-069-10,10,1,2,6,13104.5293427276,9,2
7135,33,48,1-33-2017-048-06,6,1,8,6,202.722371698373,12,2
6956,18,23,1-18-2017-023-10,10,1,2,6,20830.7351125155,6,2
6622,23,24,1-23-2017-024-04,4,1,2,6,617.189198090269,5,2
7061,31,23,1-31-2017-023-08,8,1,1,6,533.585408156618,6,2
7088,23,47,1-23-2017-047-07,7,1,1,6,527.739636058332,5,2
6546,33,18,1-33-2017-018-09,9,1,1,6,236.895912389065,12,2
7058,19,57,1-19-2017-057-10,10,1,2,6,9189.86912192756,9,2
6877,20,38,1-20-2017-038-08,8,1,1,6,222.084990157857,11,2
6814,23,33,1-23-2017-033-10,10,1,2,6,4628.54463438301,5,2
7106,24,55,1-24-2017-055-07,7,1,1,6,943.640365897772,1,2
6938,24,42,1-24-2017-042-06,6,1,1,6,668.211328127467,1,2
7112,26,29,1-26-2017-029-06,6,1,2,6,1237.10755324379,10,2
7018,17,29,1-17-2017-029-03,3,1,2,6,556.304886021187,4,2
7055,14,25,1-14-2017-025-10,10,1,2,6,20830.7351125155,8,2
7082,33,46,1-33-2017-046-03,3,1,2,6,62.9930657774199,12,2
6346,23,10,1-23-2017-010-07,7,1,4,6,713.344145964472,5,2
6570,23,22,1-23-2017-022-10,10,1,1,6,3271.52699969684,5,2
6164,28,2,1-28-2017-002-06,6,1,1,6,217.971600402965,3,2
6526,24,22,1-24-2017-022-06,6,1,2,6,959.779082034474,1,2
6550,15,11,1-15-2017-011-02,2,1,2,6,59.527837384159,1,2
6894,23,36,1-23-2017-036-09,9,1,1,6,3971.829325204,5,2
6206,20,3,1-20-2017-003-02,2,1,2,6,39.0673380453663,11,2
6893,28,20,1-28-2017-020-03,3,1,2,6,444.763935195519,3,2
6451,33,14,1-33-2017-014-03,3,1,2,6,138.480705828584,12,2
6960,22,46,1-22-2017-046-01,1,1,2,6,96.8900178613484,12,2
6770,26,20,1-26-2017-020-09,9,1,1,6,4482.50651550674,10,2
6943,11,20,1-11-2017-020-01,1,1,1,6,142.987646644288,8,2
6645,13,22,1-13-2017-022-06,6,1,3,6,2455.12215097887,7,2
6720,33,27,1-33-2017-027-07,7,2,1,8,759.165826374916,12,2
6901,29,18,1-29-2017-018-06,6,1,1,8,704.916144972574,2,2
6356,22,14,1-22-2017-014-01,1,2,1,8,91.2520349196253,12,2
6958,13,40,1-13-2017-040-03,3,1,1,8,1802.8418267689,7,2
6819,24,35,1-24-2017-035-06,6,1,1,8,813.060441738769,1,2
6789,17,22,1-17-2017-022-05,5,1,2,8,139.771523758914,4,2
6093,23,2,1-23-2017-002-07,7,1,3,8,929.1099817139,5,2
6772,23,30,1-23-2017-030-09,9,1,1,8,1244.94209992097,5,2
6403,17,13,1-17-2017-013-03,3,1,1,8,612.631533710336,4,2
6372,20,12,1-20-2017-012-07,7,1,3,8,670.91945689348,11,2
6482,10,11,1-10-2017-011-03,3,1,2,8,157.312954998393,4,2
6812,17,23,1-17-2017-023-09,9,1,1,8,1691.99672341111,4,2
6987,32,44,1-32-2017-044-03,3,1,1,8,889.054015563771,7,2
6752,19,40,1-19-2017-040-08,8,1,1,8,539.527964967708,9,2
6975,24,44,1-24-2017-044-07,7,1,1,8,2072.29893804224,1,2
6346,23,10,1-23-2017-010-07,7,1,1,8,713.344145964472,5,2
6831,22,38,1-22-2017-038-02,2,1,1,8,57.5944953362226,12,2
6836,33,34,1-33-2017-034-08,8,1,3,8,217.884133565871,12,2
6900,14,22,1-14-2017-022-03,3,1,2,8,4315.48660951168,8,2
6887,15,21,1-15-2017-021-05,5,1,1,8,103.820220354151,1,2
7071,22,52,1-22-2017-052-01,1,1,1,8,96.8900178613484,12,2
6842,20,36,1-20-2017-036-10,10,1,1,8,1015.36148488437,11,2
7028,22,50,1-22-2017-050-01,1,1,1,8,109.842315200002,12,2
7202,10,28,1-10-2017-028-03,3,1,1,8,224.661315300313,4,2
7110,14,27,1-14-2017-027-05,5,1,1,8,376.253710898081,8,2
7005,12,23,1-12-2017-023-06,6,1,1,8,527.922504714608,9,2
7008,28,23,1-28-2017-023-09,9,1,1,8,724.060670302168,3,2
7220,22,62,1-22-2017-062-01,1,1,1,8,91.2520349196253,12,2
7118,30,52,1-30-2017-052-07,7,1,3,8,1653.59739057328,10,2
7151,24,56,1-24-2017-056-09,9,1,1,8,4169.89128263628,1,2
7116,16,43,1-16-2017-043-03,3,1,1,8,957.10878992152,5,2
6936,14,23,1-14-2017-023-02,2,1,1,8,310.247293447891,8,2
7095,11,24,1-11-2017-024-01,1,1,1,8,235.601646352528,8,2
6965,20,44,1-20-2017-044-05,5,1,1,8,73.0534052478574,11,2
7114,31,24,1-31-2017-024-09,9,1,1,8,686.221391487831,6,2
7148,23,51,1-23-2017-051-06,6,1,1,8,406.752495311836,5,2
7158,32,56,1-32-2017-056-10,10,1,1,8,11743.7544646105,7,2
7178,22,59,1-22-2017-059-01,1,1,1,8,92.645881565269,12,2
6746,11,17,1-11-2017-017-01,1,1,2,8,473.930148358357,8,2
6922,15,22,1-15-2017-022-04,4,1,1,8,3123.51012967514,1,2
7014,12,24,1-12-2017-024-06,6,1,1,8,1919.29361022592,9,2
6916,30,44,1-30-2017-044-03,3,1,1,8,524.151868770109,10,2
7086,16,42,1-16-2017-042-07,7,1,1,8,880.365699525689,5,2
6920,22,44,1-22-2017-044-08,8,1,3,8,83.0427441010983,12,2
6955,21,20,1-21-2017-020-10,10,1,1,8,6194.83177347751,11,2
6914,33,38,1-33-2017-038-03,3,1,1,8,169.365391008012,12,2
7091,22,54,1-22-2017-054-10,10,1,1,8,501.805489764693,12,2
6923,20,42,1-20-2017-042-01,1,1,1,8,52.1958246978248,11,2
7258,17,38,1-17-2017-038-04,4,1,1,8,350.956679654087,4,2
7554,22,75,1-22-2017-075-10,10,1,1,8,1437.20064662858,12,2
7229,33,56,1-33-2017-056-09,9,1,1,8,1421.64094329572,12,2
7308,17,40,1-17-2017-040-07,7,1,1,8,470.147254106524,4,2
7369,17,41,1-17-2017-041-06,6,1,1,8,158.758035008495,4,2
7529,16,55,1-16-2017-055-03,3,1,1,8,398.509726049712,5,2
7286,15,34,1-15-2017-034-06,6,1,2,8,721.030955263309,1,2
7517,24,71,1-24-2017-071-07,7,1,1,8,1274.24037659366,1,2
7564,30,64,1-30-2017-064-07,7,1,1,8,5273.73069432622,10,2
7408,28,37,1-28-2017-037-07,7,1,3,8,1081.49343808104,3,2
7379,22,70,1-22-2017-070-07,7,1,1,8,329.793588859125,12,2
7203,24,59,1-24-2017-059-10,10,1,1,8,12531.0870150331,1,2
7304,16,51,1-16-2017-051-06,6,1,1,8,3067.09838689603,5,2
7180,13,51,1-13-2017-051-02,2,1,4,8,223.870775887877,7,2
7282,20,67,1-20-2017-067-09,9,1,1,8,1428.57730217801,11,2
6869,10,22,1-10-2017-022-07,7,1,1,8,2737.61734606746,4,2
7275,22,64,1-22-2017-064-10,10,1,1,8,147.615966556126,12,2
7051,10,26,1-10-2017-026-07,7,1,1,8,1480.51162484181,4,2
7219,22,61,1-22-2017-061-10,10,1,1,8,1067.43601941209,12,2
7208,31,28,1-31-2017-028-09,9,1,1,8,686.221391487831,6,2
7167,31,25,1-31-2017-025-03,3,1,3,8,471.724144285409,6,2
7129,22,56,1-22-2017-056-03,3,1,1,8,99.3648857259828,12,2
6970,25,8,1-25-2017-008-04,4,1,1,8,510.052984736122,2,2
7274,16,50,1-16-2017-050-03,3,1,2,8,339.165717430063,5,2
7179,22,60,1-22-2017-060-09,9,1,3,8,707.286318683172,12,2
7139,12,27,1-12-2017-027-01,1,1,1,8,473.930148358357,9,2
7147,28,28,1-28-2017-028-04,4,3,1,8,451.089122562898,3,2
6620,11,12,1-11-2017-012-08,8,1,3,8,613.015996269852,8,2
7042,11,23,1-11-2017-023-05,5,1,1,8,397.081117319632,8,2
7315,19,73,1-19-2017-073-06,6,1,1,8,1873.17869437277,9,2
6400,11,2,1-11-2017-002-07,7,1,1,8,4629.69511355905,8,2
7368,13,59,1-13-2017-059-03,3,1,1,8,991.882482142898,7,2
7100,23,50,1-23-2017-050-07,7,1,1,8,837.954574916699,5,2
7200,23,55,1-23-2017-055-07,7,1,1,8,805.352587117172,5,2
7042,11,23,1-11-2017-023-05,5,1,3,8,397.081117319632,8,2
7191,20,60,1-20-2017-060-02,2,1,1,8,39.0673380453663,11,2
7374,21,30,1-21-2017-030-04,4,1,1,8,222.3781394609,11,2
7320,21,29,1-21-2017-029-07,7,1,1,8,1314.13987079159,11,2
6344,10,5,1-10-2017-005-02,2,1,1,8,53.6821037817962,4,2
6503,30,22,1-30-2017-022-02,2,1,1,8,80.1948085112166,10,2
6564,26,12,1-26-2017-012-08,8,1,1,8,356.843626018262,10,2
6595,22,24,1-22-2017-024-03,3,1,1,8,166.374615758244,12,2
6410,15,8,1-15-2017-008-03,3,1,1,8,464.128020168837,1,2
6552,30,23,1-30-2017-023-03,3,1,1,8,810.321396969417,10,2
6678,22,30,1-22-2017-030-04,4,1,1,8,228.219701568993,12,2
6672,31,11,1-31-2017-011-07,7,1,1,8,1255.56663445132,6,2
6593,33,20,1-33-2017-020-03,3,1,3,8,100.559359139715,12,2
6625,32,23,1-32-2017-023-03,3,1,1,8,1645.37305184942,7,2
6686,30,31,1-30-2017-031-04,4,1,1,8,2817.27319638255,10,2
6734,12,15,1-12-2017-015-09,9,1,1,8,3747.88353603989,9,2
6626,32,24,1-32-2017-024-03,3,1,1,8,1645.37305184523,7,2
6763,33,30,1-33-2017-030-09,9,1,1,8,487.436148599422,12,2
6764,20,30,1-20-2017-030-03,3,1,1,8,1034.98607246191,11,2
6755,22,33,1-22-2017-033-04,4,1,1,8,271.6975024183,12,2
6492,17,15,1-17-2017-015-04,4,2,2,8,2396.01535024564,4,2
6699,28,15,1-28-2017-015-09,9,1,1,8,115.287608460826,3,2
6723,13,27,1-13-2017-027-08,8,1,5,8,1145.11784943843,7,2
6721,33,28,1-33-2017-028-03,3,1,1,8,199.02885788511,12,2
6663,28,14,1-28-2017-014-06,6,1,1,8,483.89166140437,3,2
6717,22,31,1-22-2017-031-07,7,1,1,8,492.297236241833,12,2
6707,10,19,1-10-2017-019-02,2,1,1,8,62.26969384391,4,2
6591,13,21,1-13-2017-021-02,2,1,1,8,154.194404246395,7,2
6643,33,23,1-33-2017-023-06,6,1,3,8,151.55835338118,12,2
6708,32,27,1-32-2017-027-03,3,1,1,8,1513.61702994703,7,2
6855,28,19,1-28-2017-019-06,6,1,1,8,154.889477796316,3,2
6875,22,41,1-22-2017-041-08,8,1,5,8,113.695698457785,12,2
6888,18,21,1-18-2017-021-09,9,1,1,8,1731.35796359501,6,2
6253,13,8,1-13-2017-008-01,1,2,1,8,188.955712734655,7,2
6790,19,41,1-19-2017-041-01,1,1,1,8,249.502488489623,9,2
6679,21,13,1-21-2017-013-08,8,1,3,8,871.906857628612,11,2
6844,11,19,1-11-2017-019-08,8,1,1,8,1502.31800595479,8,2
6188,19,8,1-19-2017-008-08,8,1,4,8,306.905612993846,9,2
6636,21,12,1-21-2017-012-10,10,1,1,8,659.484360387901,11,2
6648,30,28,1-30-2017-028-08,8,1,3,8,446.577391879591,10,2
6413,20,13,1-20-2017-013-01,1,1,1,8,63.4947991626658,11,2
6559,19,29,1-19-2017-029-01,1,1,1,8,184.563696977828,9,2
6794,22,36,1-22-2017-036-01,1,1,1,8,96.8900178613484,12,2
6224,23,6,1-23-2017-006-06,6,1,1,8,224.9954257324,5,2
6266,19,13,1-19-2017-013-05,5,1,6,8,79.9848995102589,9,2
6255,22,8,1-22-2017-008-07,7,1,1,8,178.517289524824,12,2
6248,28,3,1-28-2017-003-08,8,1,1,8,115.39700389055,3,2
6191,29,2,1-29-2017-002-05,5,1,1,8,235.126225322891,2,2
6321,22,11,1-22-2017-011-09,9,1,1,8,282.522375712169,12,2
6233,32,7,1-32-2017-007-09,9,1,1,8,3404.16805142899,7,2
6269,19,14,1-19-2017-014-09,9,1,1,8,933.155909690232,9,2
6303,16,9,1-16-2017-009-05,5,1,1,8,141.919999800106,5,2
6254,22,7,1-22-2017-007-09,9,1,1,8,302.83515933275,12,2
6251,13,6,1-13-2017-006-03,3,1,1,8,803.970471884634,7,2
6241,31,4,1-31-2017-004-06,6,1,1,8,374.469255445773,6,2
6197,21,3,1-21-2017-003-10,10,1,1,8,10784.5477453862,11,2
6199,22,4,1-22-2017-004-07,7,1,1,8,211.337813213927,12,2
6148,28,1,1-28-2017-001-04,4,1,1,8,204.800494620173,3,2
6132,22,2,1-22-2017-002-06,6,1,1,8,198.309823245595,12,2
6214,18,3,1-18-2017-003-10,10,1,2,8,4594.56953046122,6,2
6311,31,5,1-31-2017-005-03,3,1,1,8,562.115223388776,6,2
6455,20,16,1-20-2017-016-06,6,1,1,8,278.965886520453,11,2
6382,28,7,1-28-2017-007-03,3,1,1,8,302.814064043019,3,2
6129,18,1,1-18-2017-001-10,10,1,1,8,6297.69228784152,6,2
6407,22,16,1-22-2017-016-09,9,1,1,8,325.053587549725,12,2
6392,32,13,1-32-2017-013-01,1,1,3,8,473.930148358357,7,2
6411,33,13,1-33-2017-013-07,7,1,1,8,357.52833036051,12,2
6217,30,4,1-30-2017-004-04,4,1,1,8,759.796183904248,10,2
6133,21,1,1-21-2017-001-03,3,1,1,8,299.98594818982,11,2
6260,33,4,1-33-2017-004-09,9,2,1,8,275.58801350289,12,2
6367,12,7,1-12-2017-007-04,4,1,1,8,1021.86144489025,9,2
6355,22,13,1-22-2017-013-06,6,1,1,8,407.930462579226,12,2
6201,22,6,1-22-2017-006-03,3,1,1,8,50.6616883268184,12,2
6382,28,7,1-28-2017-007-03,3,2,1,8,302.814064043019,3,2
6447,23,15,1-23-2017-015-10,10,1,1,8,1418.50836194943,5,2
6258,18,4,1-18-2017-004-10,10,1,1,8,4851.78412070462,6,2
6429,28,8,1-28-2017-008-01,1,1,1,8,180.151427141869,3,2
6364,18,7,1-18-2017-007-02,2,1,1,8,124.559546533485,6,2
6450,18,9,1-18-2017-009-06,6,2,1,8,257.06934486803,6,2
6499,29,8,1-29-2017-008-06,6,1,1,8,540.088905136712,2,2
6252,13,7,1-13-2017-007-02,2,2,1,8,62.5018868257869,7,2
6501,22,21,1-22-2017-021-03,3,1,1,8,112.459425941152,12,2
6509,20,18,1-20-2017-018-08,8,1,1,8,306.994221458313,11,2
6486,16,18,1-16-2017-018-05,5,1,1,8,104.057145788765,5,2
6359,33,9,1-33-2017-009-03,3,1,1,8,156.526497578033,12,2
6383,14,8,1-14-2017-008-08,8,1,1,8,1502.31800595479,8,2
7603,33,71,1-33-2017-071-10,10,1,1,8,339.788882491816,12,2
7640,28,39,1-28-2017-039-01,1,1,1,8,116.185516823547,3,2
7917,32,100,1-32-2017-100-06,6,1,1,8,1559.46989103299,7,2
7809,28,45,1-28-2017-045-04,4,1,2,8,432.322997257371,3,2
7707,32,88,1-32-2017-088-09,9,1,1,8,6009.97176670874,7,2
7851,19,93,1-19-2017-093-02,2,1,1,8,102.089013427492,9,2
7901,22,96,1-22-2017-096-09,9,1,1,8,382.030675667747,12,2
7898,13,84,1-13-2017-084-03,3,1,1,8,561.292611989033,7,2
7618,12,39,1-12-2017-039-07,7,1,1,8,990.615583180885,9,2
7773,17,57,1-17-2017-057-08,8,1,1,8,188.053404542262,4,2
7756,28,43,1-28-2017-043-08,8,1,1,8,124.87171752246,3,2
7606,18,39,1-18-2017-039-09,9,1,1,8,3265.8824742888,6,2
7706,32,87,1-32-2017-087-03,3,1,1,8,1044.02554058548,7,2
7799,20,97,1-20-2017-097-04,4,1,3,8,2093.85301879526,11,2
7806,32,93,1-32-2017-093-06,6,1,3,8,1339.87704916561,7,2
7926,11,41,1-11-2017-041-02,2,1,1,8,268.393182316116,8,2
7873,24,93,1-24-2017-093-07,7,1,1,8,1069.92178748759,1,2
7654,26,46,1-26-2017-046-06,6,1,1,8,1140.96324810198,10,2
7889,25,32,1-25-2017-032-09,9,1,1,8,5634.41491830275,2,2
7659,19,86,1-19-2017-086-08,8,1,2,8,521.301323210648,9,2
7911,30,76,1-30-2017-076-10,10,1,1,8,20830.7351125155,10,2
7790,31,38,1-31-2017-038-08,8,1,1,8,533.585408156618,6,2
7352,25,12,1-25-2017-012-04,4,1,1,8,1846.64220332465,2,2
7885,19,97,1-19-2017-097-01,1,1,1,8,401.34587739812,9,2
7723,18,42,1-18-2017-042-05,5,1,1,8,75.6499068707043,6,2
7931,10,40,1-10-2017-040-06,6,1,1,8,1655.85275190167,4,2
7679,15,50,1-15-2017-050-03,3,1,1,8,132.584249753584,1,2
7951,19,98,1-19-2017-098-05,5,1,4,8,115.226768052376,9,2
7738,22,84,1-22-2017-084-04,4,1,1,8,209.46660211457,12,2
7658,19,85,1-19-2017-085-08,8,1,1,8,521.301323210648,9,2
7392,15,42,1-15-2017-042-02,2,1,1,8,12.500993932357,1,2
7425,14,36,1-14-2017-036-03,3,1,2,8,2580.5468470366,8,2
7571,23,70,1-23-2017-070-07,7,1,1,8,524.47352410438,5,2
7537,31,33,1-31-2017-033-09,9,1,4,8,1539.73058488066,6,2
7689,20,91,1-20-2017-091-07,7,1,1,8,702.609424140346,11,2
7736,20,94,1-20-2017-094-02,2,1,1,8,39.0673380453663,11,2
7739,22,87,1-22-2017-087-07,7,1,1,8,201.094564273008,12,2
7664,25,21,1-25-2017-021-02,2,1,1,8,59.2358087039559,2,2
7731,16,60,1-16-2017-060-08,8,1,1,8,975.905712381978,5,2
7522,32,81,1-32-2017-081-03,3,1,1,8,1166.26283887602,7,2
7753,23,79,1-23-2017-079-06,6,1,1,8,206.632100111214,5,2
7515,24,69,1-24-2017-069-04,4,1,1,8,1504.86804900456,1,2
7416,25,14,1-25-2017-014-02,2,1,1,8,97.5995438131752,2,2
7675,33,73,1-33-2017-073-10,10,1,3,8,2616.2429621909,12,2
7568,28,38,1-28-2017-038-07,7,1,1,8,923.86985852251,3,2
7670,13,69,1-13-2017-069-05,5,1,1,8,163.105542473971,7,2
7653,27,14,1-27-2017-014-04,4,1,1,8,492.444172408057,3,2
7660,19,87,1-19-2017-087-04,4,1,1,8,2139.39588755144,9,2
7428,19,77,1-19-2017-077-04,4,1,1,8,1079.33398644682,9,2
7325,33,61,1-33-2017-061-09,9,1,1,8,75.3307217326577,12,2
7596,22,79,1-22-2017-079-06,6,2,1,8,77.1369113881955,12,2
7530,16,56,1-16-2017-056-05,5,1,1,8,67.9126179851779,5,2
7651,32,84,1-32-2017-084-02,2,1,2,8,58.3131460122481,7,2
7427,26,39,1-26-2017-039-09,9,1,1,8,2005.24176090841,10,2
7347,23,61,1-23-2017-061-04,4,1,1,8,703.852753603933,5,2
7449,13,62,1-13-2017-062-06,6,1,1,8,1271.49345553496,7,2
8047,23,95,1-23-2017-095-10,10,1,1,8,3035.56416265914,5,2
8129,27,23,1-27-2017-023-01,1,1,1,8,169.363356213104,3,2
8048,24,102,1-24-2017-102-02,2,1,1,8,60.410082690391,1,2
7874,12,47,1-12-2017-047-09,9,1,1,8,2454.35239269099,9,2
7348,23,62,1-23-2017-062-02,3,1,1,8,66.3431143320455,5,2
8127,19,108,1-19-2017-108-09,9,1,1,8,1883.27135050704,9,2
8215,13,99,1-13-2017-099-03,3,1,1,8,615.701319779576,7,2
6118,17,3,1-17-2017-003-08,8,1,1,8,186.330803198876,4,2
8207,19,112,1-19-2017-112-05,5,1,1,8,79.9848995102589,9,2
8005,17,69,1-17-2017-069-08,8,1,1,8,338.596207178048,4,2
7939,14,48,1-14-2017-048-03,3,1,1,8,915.910599548957,8,2
8005,17,69,1-17-2017-069-08,8,1,5,8,338.596207178048,4,2
7686,20,88,1-20-2017-088-08,8,1,1,8,136.912007382059,11,2
7979,10,41,1-10-2017-041-09,9,1,1,8,2538.15212103402,4,2
8384,20,134,1-20-2017-134-02,2,1,1,8,39.0673380453663,11,2
8374,22,108,1-22-2017-108-06,6,1,1,8,78.0357418430476,12,2
8366,19,117,1-19-2017-117-03,3,1,1,8,414.746879584373,9,2
8190,24,109,1-24-2017-109-08,8,1,1,8,207.638815842784,1,2
8220,22,106,1-22-2017-106-09,9,1,1,8,1949.08373954124,12,2
8254,29,26,1-29-2017-026-06,6,1,1,8,856.285201308426,2,2
8050,24,104,1-24-2017-104-05,5,1,1,8,132.316466204678,1,2
8074,18,53,1-18-2017-053-06,6,1,1,8,589.079808493488,6,2
8238,28,57,1-28-2017-057-09,9,1,1,8,1854.6392137218,3,2
7610,20,87,1-20-2017-087-03,3,1,1,8,541.821332088258,11,2
7559,20,86,1-20-2017-086-08,8,1,1,8,175.736135296403,11,2
8079,13,92,1-13-2017-092-02,2,1,1,8,81.3304087696774,7,2
7511,23,67,1-23-2017-067-04,4,1,2,8,605.285746831268,5,2
8057,27,22,1-27-2017-022-06,6,1,1,8,156.201745891107,3,2
7830,14,45,1-14-2017-045-05,5,1,1,8,331.765744056653,8,2
7813,23,85,1-23-2017-085-06,6,1,1,8,157.93598721944,5,2
7805,31,39,1-31-2017-039-09,9,1,1,8,1663.27604062427,6,2
7669,21,44,1-21-2017-044-03,3,1,1,8,201.922663798619,11,2
7872,24,92,1-24-2017-092-10,10,1,1,8,5907.93595895522,1,2
7802,15,63,1-15-2017-063-03,3,1,1,8,134.920243878116,1,2
7983,28,50,1-28-2017-050-08,8,1,1,8,151.388686497815,3,2
7845,13,81,1-13-2017-081-06,6,1,1,8,1294.92975302644,7,2
8049,24,103,1-24-2017-103-03,3,1,1,8,776.430069454849,1,2
7768,14,43,1-14-2017-043-03,3,1,1,8,1443.64910237224,8,2
7973,22,100,1-22-2017-100-10,10,1,6,8,1279.90483931947,12,2
7744,15,56,1-15-2017-056-04,4,1,2,8,1013.24784743425,1,2
7998,19,102,1-19-2017-102-08,8,1,5,8,305.991351541211,9,2
7950,21,54,1-21-2017-054-09,9,1,1,8,1550.29227762729,11,2
8806,31,48,1-31-2017-048-09,9,1,1,8,5792.34519201867,6,2
8837,30,102,1-30-2017-102-02,2,1,1,8,61.3244750211792,10,2
8877,22,119,1-22-2017-119-01,1,1,1,8,96.8900178978492,12,2
8016,20,110,1-20-2017-110-01,1,1,1,8,56.8193335428149,11,2
8887,30,104,1-30-2017-104-03,3,1,1,8,421.167008455504,10,2
8222,33,99,1-33-2017-099-06,6,1,1,8,224.239893510264,12,2
8221,33,98,1-33-2017-098-08,8,1,1,8,141.422186652066,12,2
8882,21,75,1-21-2017-075-04,4,1,2,8,937.75875424882,11,2
8976,21,78,1-21-2017-078-07,7,1,2,8,1189.6611001086,11,2
8632,13,115,1-13-2017-115-02,2,1,1,8,44.9893576097225,7,2
8866,19,138,1-19-2017-138-08,8,1,1,8,434.346179334881,9,2
8645,15,105,1-15-2017-105-09,9,1,1,8,1616.11216002422,1,2
8955,13,126,1-13-2017-126-03,3,1,1,8,1036.63662975577,7,2
8932,26,82,1-26-2017-082-09,9,1,1,8,2929.00632154116,10,2
9032,22,123,1-22-2017-123-10,10,1,1,8,1245.48611073169,12,2
8822,33,125,1-33-2017-125-10,10,1,1,8,947.239908575176,12,2
8765,18,70,1-18-2017-070-03,3,1,1,8,278.009727799168,6,2
8813,29,36,1-29-2017-036-10,10,1,1,8,8578.82685204817,2,2
8892,31,50,1-31-2017-050-10,10,1,1,8,1073.84216837139,6,2
8794,32,146,1-32-2017-146-01,1,1,3,8,249.08747836634,7,2
8380,33,109,1-33-2017-109-03,3,1,1,8,65.8727133970128,12,2
8930,23,131,1-23-2017-131-09,9,1,1,8,1438.95135124352,5,2
8944,19,140,1-19-2017-140-01,1,1,1,8,144.577008645512,9,2
8985,20,165,1-20-2017-165-03,3,1,1,8,152.309683207067,11,2
8098,20,118,1-20-2017-118-04,4,1,1,8,334.013928039785,11,2
8782,24,135,1-24-2017-135-10,10,1,1,8,5319.38022132995,1,2
8951,16,91,1-16-2017-091-02,2,1,2,8,28.3871845804242,5,2
8850,28,67,1-28-2017-067-05,5,1,1,8,104.63450295258,3,2
8387,33,110,1-33-2017-110-03,3,1,4,8,65.8727133970128,12,2
8811,18,71,1-18-2017-071-09,9,1,1,8,9984.70215625247,6,2
8947,25,52,1-25-2017-052-04,4,1,1,8,4592.9546385781,2,2
7099,23,49,1-23-2017-049-05,5,1,1,8,68.4773923035499,5,2
8964,28,68,1-28-2017-068-08,8,1,1,8,223.415727405176,3,2
9090,22,124,1-22-2017-124-04,4,1,1,8,103.014086412438,12,2
8169,20,119,1-20-2017-119-03,3,1,1,8,140.674716793797,11,2
9095,13,129,1-13-2017-129-01,1,1,3,8,205.852801959089,7,2
8391,21,63,1-21-2017-063-06,6,1,1,8,290.276030450764,11,2
8550,16,80,1-16-2017-080-10,10,1,1,8,8274.88500519685,5,2
8511,21,68,1-21-2017-068-07,7,1,1,8,287.236615925856,11,2
8355,16,75,1-16-2017-075-04,4,1,1,8,3233.52587013727,5,2
8535,11,57,1-11-2017-057-02,2,1,1,8,606.206522626104,8,2
8563,31,44,1-31-2017-044-07,7,1,1,8,4475.48751957649,6,2
8573,17,86,1-17-2017-086-01,1,1,1,8,222.275112470896,4,2
8400,24,120,1-24-2017-120-03,3,1,1,8,343.825499815931,1,2
8431,21,65,1-21-2017-065-09,9,1,1,8,309.073280791681,11,2
8473,23,111,1-23-2017-111-07,7,1,1,8,655.667096608619,5,2
8471,11,55,1-11-2017-055-09,9,1,1,8,12809.282784923,8,2
8501,31,43,1-31-2017-043-08,8,1,1,8,595.993058233415,6,2
8500,29,28,1-29-2017-028-06,6,1,1,8,617.331108739978,2,2
8403,23,108,1-23-2017-108-06,6,1,1,8,319.168872614433,5,2
6485,23,17,1-23-2017-017-04,4,2,1,8,625.370841793766,5,2
8434,30,88,1-30-2017-088-08,8,1,1,8,1381.56410226577,10,2
8197,27,24,1-27-2017-024-07,7,1,1,8,503.053117681042,3,2
7853,33,82,1-33-2017-082-06,6,1,1,8,163.692510447484,12,2
8354,28,59,1-28-2017-059-10,10,1,3,8,10040.0218377119,3,2
8249,27,25,1-27-2017-025-05,5,1,1,8,86.7196072530226,3,2
8088,22,102,1-22-2017-102-03,3,1,1,8,189.34152756178,12,2
8267,17,76,1-17-2017-076-08,8,1,1,8,421.793016497506,4,2
8379,30,87,1-30-2017-087-07,7,1,1,8,4698.13567351607,10,2
8262,16,73,1-16-2017-073-04,4,1,1,8,1022.75343708077,5,2
8234,20,126,1-20-2017-126-09,9,1,1,8,1780.91144232791,11,2
8214,13,98,1-13-2017-098-03,3,1,1,8,615.701319778547,7,2
8774,12,70,1-12-2017-070-01,1,1,1,8,473.930148358357,9,2
8595,24,129,1-24-2017-129-03,3,1,1,8,327.85118000505,1,2
8679,12,69,1-12-2017-069-03,3,1,1,8,1450.54178421601,9,2
7413,11,35,1-11-2017-035-01,1,1,1,8,473.930148358357,8,2
7754,23,80,1-23-2017-080-03,3,1,1,8,106.538606276617,5,2
8731,30,96,1-30-2017-096-09,9,1,5,8,2664.29630240034,10,2
8577,33,118,1-33-2017-118-07,7,1,1,8,3431.72773270153,12,2
8817,13,123,1-13-2017-123-04,4,1,1,8,5139.79718527359,7,2
8578,33,119,1-33-2017-119-02,2,1,1,8,66.335309476095,12,2
8783,23,124,1-23-2017-124-06,6,1,1,8,1313.1674629799,5,2
8046,23,94,1-23-2017-094-03,3,2,1,8,181.964881126536,5,2
8713,19,133,1-19-2017-133-04,4,1,1,8,7767.5405591604,9,2
7617,27,13,1-27-2017-013-09,9,1,1,8,712.187039426281,3,2
8581,20,146,1-20-2017-146-07,7,1,1,8,914.105659259693,11,2
8768,20,153,1-20-2017-153-03,3,1,1,8,255.69445426619,11,2
8072,17,70,1-17-2017-070-05,5,1,1,8,156.479576755148,4,2
8476,28,62,1-28-2017-062-03,3,1,1,8,383.98680625225,3,2
8555,27,30,1-27-2017-030-09,9,1,1,8,3566.81437327795,3,2
8414,26,66,1-26-2017-066-06,6,1,1,8,2041.29421691573,10,2
8611,19,127,1-19-2017-127-02,2,1,1,8,102.089013427492,9,2
8596,28,63,1-28-2017-063-04,4,1,1,8,456.03291866644,3,2
8441,33,113,1-33-2017-113-09,9,1,3,8,296.889945671954,12,2
8522,15,98,1-15-2017-098-02,2,1,1,8,17.3459073921034,1,2
8401,24,121,1-24-2017-121-04,4,1,1,8,1472.88009741631,1,2
9045,12,75,1-12-2017-075-04,4,2,1,8,1851.8136707725,9,2
7025,33,43,1-33-2017-043-06,6,1,1,8,85.6687303540783,12,2
9033,18,75,1-18-2017-075-07,7,1,1,8,1923.36342162492,6,2
8982,32,158,1-32-2017-158-09,9,1,2,8,8277.46752949088,7,2
8964,28,68,1-28-2017-068-08,8,1,3,8,223.415727405176,3,2
7409,23,64,1-23-2017-064-01,1,1,1,8,90.8798878633592,5,2
7409,23,64,1-23-2017-064-01,1,2,1,8,90.8798878633592,5,2
6582,11,10,1-11-2017-010-08,8,1,2,8,1502.31800595479,8,2
8824,33,127,1-33-2017-127-06,6,1,1,8,98.4342757274466,12,2
8933,26,83,1-26-2017-083-04,4,1,1,8,1980.09560074148,10,2
8995,23,134,1-23-2017-134-08,8,1,1,8,65.323477827648,5,2
8905,25,51,1-25-2017-051-09,9,1,1,8,2248.17585176391,2,2
8729,29,34,1-29-2017-034-04,4,1,1,8,1723.79548918093,2,2
8413,10,49,1-10-2017-049-03,3,1,1,8,157.203392850803,4,2
8394,10,48,1-10-2017-048-03,3,2,1,8,110.885884881738,4,2
6110,12,1,1-12-2017-001-06,6,1,1,8,831.843534377453,9,2
7138,12,26,1-12-2017-026-10,10,1,4,8,3396.44710962869,9,2
6747,12,16,1-12-2017-016-06,6,1,1,8,1702.36586596526,9,2
8582,20,147,1-20-2017-147-03,3,1,1,8,215.74389846511,11,2
7011,32,46,1-32-2017-046-02,2,1,1,8,199.815961051142,7,2
6313,21,5,1-21-2017-005-03,3,1,1,8,777.203075524324,11,2
6405,18,8,1-18-2017-008-07,7,1,5,8,1457.92941404829,6,2
6545,22,23,1-22-2017-023-07,7,1,3,8,479.8481974556,12,2
8166,33,95,1-33-2017-095-04,4,1,1,8,180.543194526563,12,2
8125,14,55,1-14-2017-055-03,3,1,1,8,443.835778905669,8,2
7608,21,40,1-21-2017-040-07,7,1,1,8,538.765462517657,11,2
7619,22,82,1-22-2017-082-03,3,1,1,8,50.6208665819662,12,2
7673,22,83,1-22-2017-083-01,1,1,1,8,167.843685715869,12,2
7548,13,64,1-13-2017-064-09,9,1,1,8,1604.95204628538,7,2
7239,20,66,1-20-2017-066-03,3,1,3,8,143.69377211274,11,2
6907,13,38,1-13-2017-038-03,3,1,2,8,1994.16895971702,7,2
6952,29,19,1-29-2017-019-09,9,1,1,8,1897.18891735628,2,2
7136,33,49,1-33-2017-049-09,9,2,1,8,660.57266280556,12,2
7206,32,61,1-32-2017-061-06,6,1,1,8,1502.03202596143,7,2
7239,20,66,1-20-2017-066-03,3,1,1,8,143.69377211274,11,2
6640,20,24,1-20-2017-024-01,1,1,2,8,69.2885585024414,11,2
6665,23,26,1-23-2017-026-09,9,1,1,8,1013.57112302861,5,2
6597,20,21,1-20-2017-021-06,6,1,3,8,282.610005265362,11,2
6603,33,22,1-33-2017-022-09,9,1,3,8,475.447101831128,12,2
6580,12,12,1-12-2017-012-08,8,1,1,8,1347.70857556865,9,2
8950,30,106,1-30-2017-106-10,10,1,2,8,9575.19094404344,10,2
8987,14,72,1-14-2017-072-01,1,1,1,8,373.575302646237,8,2
7641,28,40,1-28-2017-040-04,4,1,1,8,700.349948968395,3,2
8487,25,46,1-25-2017-046-01,1,1,1,8,316.675646904821,2,2
8538,23,116,1-23-2017-116-06,6,1,1,8,309.084203958166,5,2
8623,31,45,1-31-2017-045-10,10,1,1,8,1073.84216837139,6,2
8724,17,89,1-17-2017-089-05,5,1,1,8,628.832940754307,4,2
8773,15,107,1-15-2017-107-03,3,1,1,8,813.786652246249,1,2
8867,19,139,1-19-2017-139-04,4,1,1,8,1782.53610427378,9,2
8870,14,70,1-14-2017-070-02,2,1,1,8,216.318125742932,8,2
8863,20,159,1-20-2017-159-04,4,1,1,8,772.060382186646,11,2
7927,11,42,1-11-2017-042-03,3,1,3,8,4196.66461204708,8,2
7363,19,74,1-19-2017-074-10,10,1,2,8,7255.18554010693,9,2
6370,13,11,1-13-2017-011-08,8,1,1,8,1502.31800595479,7,2
6753,21,15,1-21-2017-015-06,6,1,1,8,554.685159972558,11,2
6232,32,6,1-32-2017-006-04,4,1,1,8,2047.48443634482,7,2
6504,18,10,1-18-2017-010-09,9,1,1,8,2893.1160076217,6,2
6203,33,2,1-33-2017-002-03,3,1,1,8,119.342505820862,12,2
6209,15,2,1-15-2017-002-02,2,1,1,8,34.0144855376558,1,2
7437,17,46,1-17-2017-046-07,7,1,1,8,627.977958624967,4,2
8977,18,74,1-18-2017-074-07,7,1,1,8,5341.98894838585,6,2
7122,30,54,1-30-2017-054-02,2,1,1,8,35.4694627639187,10,2
6715,17,20,1-17-2017-020-09,9,1,6,7,2912.32257635234,4,2
6715,17,20,1-17-2017-020-09,9,1,2,7,2912.32257635234,4,2
6715,17,20,1-17-2017-020-09,9,1,3,7,2912.32257635234,4,2
7138,12,26,1-12-2017-026-10,10,1,2,7,3396.44710962869,9,2
6582,11,10,1-11-2017-010-08,8,1,3,7,1502.31800595479,8,2
7998,19,102,1-19-2017-102-08,8,1,3,7,305.991351541211,9,2
8238,28,57,1-28-2017-057-09,9,1,5,7,1854.6392137218,3,2
7951,19,98,1-19-2017-098-05,5,1,2,7,115.226768052376,9,2
7799,20,97,1-20-2017-097-04,4,1,2,7,2093.85301879526,11,2
6266,19,13,1-19-2017-013-05,5,1,4,7,79.9848995102589,9,2
6188,19,8,1-19-2017-008-08,8,1,2,7,306.905612993846,9,2
6875,22,41,1-22-2017-041-08,8,1,3,7,113.695698457785,12,2
6723,13,27,1-13-2017-027-08,8,1,2,7,1145.11784943843,7,2
6593,33,20,1-33-2017-020-03,3,1,2,7,100.559359139715,12,2
7135,33,48,1-33-2017-048-06,6,1,3,7,202.722371698373,12,2
6770,26,20,1-26-2017-020-09,9,1,2,7,4482.50651550674,10,2
6720,33,27,1-33-2017-027-07,7,2,2,9,759.165826374916,12,2
7071,22,52,1-22-2017-052-01,1,1,2,9,96.8900178613484,12,2
6346,23,10,1-23-2017-010-07,7,1,2,9,713.344145964472,5,2
6914,33,38,1-33-2017-038-03,3,1,2,9,169.365391008012,12,2
6936,14,23,1-14-2017-023-02,2,1,2,9,310.247293447891,8,2
7220,22,62,1-22-2017-062-01,1,1,2,9,91.2520349196253,12,2
7304,16,51,1-16-2017-051-06,6,1,2,9,3067.09838689603,5,2
6400,11,2,1-11-2017-002-07,7,1,2,9,4629.69511355905,8,2
7042,11,23,1-11-2017-023-05,5,1,2,9,397.081117319632,8,2
6721,33,28,1-33-2017-028-03,3,1,2,9,199.02885788511,12,2
6855,28,19,1-28-2017-019-06,6,1,2,9,154.889477796316,3,2
6383,14,8,1-14-2017-008-08,8,1,2,9,1502.31800595479,8,2
6382,28,7,1-28-2017-007-03,3,1,2,9,302.814064043019,3,2
7603,33,71,1-33-2017-071-10,10,1,2,9,339.788882491816,12,2
7679,15,50,1-15-2017-050-03,3,1,2,9,132.584249753584,1,2
7427,26,39,1-26-2017-039-09,9,1,2,9,2005.24176090841,10,2
7325,33,61,1-33-2017-061-09,9,1,2,9,75.3307217326577,12,2
8238,28,57,1-28-2017-057-09,9,1,2,9,1854.6392137218,3,2
7686,20,88,1-20-2017-088-08,8,1,2,9,136.912007382059,11,2
8005,17,69,1-17-2017-069-08,8,1,2,9,338.596207178048,4,2
7805,31,39,1-31-2017-039-09,9,1,2,9,1663.27604062427,6,2
7559,20,86,1-20-2017-086-08,8,1,2,9,175.736135296403,11,2
7754,23,80,1-23-2017-080-03,3,1,2,9,106.538606276617,5,2
8267,17,76,1-17-2017-076-08,8,1,2,9,421.793016497506,4,2
8169,20,119,1-20-2017-119-03,3,1,2,9,140.674716793797,11,2
8964,28,68,1-28-2017-068-08,8,1,2,9,223.415727405176,3,2
7099,23,49,1-23-2017-049-05,5,1,2,9,68.4773923035499,5,2
8221,33,98,1-33-2017-098-08,8,1,2,9,141.422186652066,12,2
8016,20,110,1-20-2017-110-01,1,1,2,9,56.8193335428149,11,2
7409,23,64,1-23-2017-064-01,1,2,2,9,90.8798878633592,5,2
8995,23,134,1-23-2017-134-08,8,1,2,9,65.323477827648,5,2
7025,33,43,1-33-2017-043-06,6,1,2,9,85.6687303540783,12,2
8905,25,51,1-25-2017-051-09,9,1,2,9,2248.17585176391,2,2
6747,12,16,1-12-2017-016-06,6,1,2,9,1702.36586596526,9,2
7239,20,66,1-20-2017-066-03,3,1,2,9,143.69377211274,11,2
7548,13,64,1-13-2017-064-09,9,1,2,9,1604.95204628538,7,2
7673,22,83,1-22-2017-083-01,1,1,2,9,167.843685715869,12,2
8987,14,72,1-14-2017-072-01,1,1,2,9,373.575302646237,8,2
7122,30,54,1-30-2017-054-02,2,1,2,9,35.4694627639187,10,2
8416,19,119,1-19-2017-119-03,3,1,1,99,207.991266425787,9,2
8272,21,60,1-21-2017-060-03,3,1,1,99,255.1139681924,11,2
8432,21,66,1-21-2017-066-04,4,1,1,99,208.351781361168,11,2
8212,21,59,1-21-2017-059-06,6,1,1,99,302.311493328818,11,2
8272,21,60,1-21-2017-060-03,3,2,1,99,255.1139681924,11,2
6236,16,7,1-16-2017-007-07,7,1,1,99,700.608668700306,5,2
6464,24,18,1-24-2017-018-10,10,2,1,99,8564.08223958803,1,2
6427,10,8,1-10-2017-008-09,9,2,1,99,290.765620037396,4,2
6427,10,8,1-10-2017-008-09,9,1,1,99,290.765620037396,4,2
7059,19,58,1-19-2017-058-04,4,2,1,99,1119.08307584669,9,2
7115,19,60,1-19-2017-060-05,5,1,1,99,169.970306208333,9,2
7020,19,54,1-19-2017-054-01,1,1,1,99,334.48698003331,9,2
